Commit Hash,Count in pyszz,Count in pd
632fbf6243c602761e246315505f894b644c7d6e,0,2
653c8a98d4e94ad13942599a1ab7d2e64374a7eb,1,0
add96db83273ef55aebf2fd9207c188ca7de13e4,0,0
5c375551cd8fe9f4a4d074e09d6748aba4da2c84,0,2
857c2b91b21e078877e1848ecfc43c52621921be,1,1
4c8212473f0a6e132bffbed6ff6b16918fd4118e,0,4
cb4af8d24e7e3d9db6932b3a956ef2393c033a08,0,1
796cea3720071dd895bdb32baf7b5c7bdbd2569c,0,8
aa42c16a8b9e7d051ef34ec0b4e8760af56e9a74,0,3
8209539ff8dfcedb8ef20bc7f2502fb116a1ed16,0,2
f11949f87d9cffc8cd30d1f08fce5cc6153bbf21,1,2
67e1dcfa91617914eec2e50c4ebf967fdd712920,1,3
3630fd4544c86475f04449a3072b72bdf23e7ca2,0,0
40df60b5368898164008186b4c780b21d51f1799,0,0
5f0a94a2fe67046cde3245d676f5cc631c414309,0,0
6209964873889eceb6a598f355ab69c3764768ab,1,2
b385fee1bd1e38134f3ddf6e3083f44451df96ea,2,4
b0352a18f04d34fe8738d025dde1906cce220ab5,0,0
5930bbdae3f12fd23f336dc6716b041bcbae659c,0,1
52e77df9cb7c7975421ed3c236f509194843fc0a,0,0
8be1af9a2884122344807e7c265627eb4a9fa9c4,0,7
d2ddf938092bfd226f73cb63a61494a1d2dccec6,23,23
57d90d1dd2056fbd7788df29d7df3962eba02cf0,0,2
4e50f63af0168a9def54a0aa178f83e476c5f304,7,1
24d56133361ad6b759c2b8f9e86b394ffa229428,0,5
6d10f1833f35d7fe8ca880f64c667afb888a78c7,0,1
b385fee1bd1e38134f3ddf6e3083f44451df96ea,2,4
88f07fd5502268c7f0dbd88053dae96e702e4acb,2,2
a746c76680cb0224d08578402639a7d61741febd,2,8
d938a3e7e8d7437a56ead235b254ab60ff537834,2,3
cd7a9921a076ec4a8273b49a9f81abd2434fdbfa,0,1
185d7345946c29a2a4e2726c912be0c4db4810b9,0,178
e13d7f10b23e3b03c9f6425704ad46a973c90023,0,1
28bfea0b6ba66359f30b0b6b8c75f467baba81b9,1,0
4a6f1915595e0bb5f5a0af558f434a10c618f6eb,0,3
bbea7dfaa3ecb2bbc0bb887fd26b210dd28ec9e3,0,0
c609376cde654af48475f6c40322bfd9a51450eb,5,16
4f870e79358a4e4876b365f5bbb1cb2c0cff66a2,0,3
02e7de818065620dd0714543e82d967a77198a4b,0,0
28bfea0b6ba66359f30b0b6b8c75f467baba81b9,1,0
185d7345946c29a2a4e2726c912be0c4db4810b9,0,178
a851fafdcf0d88e70c1c54a30a955f13a1f48541,0,10
961ce3032ca8383c5a0b3d0975a15c439b38c16c,1,2
e988335e84f3c830d33f0b8c5affbbc5d0f56142,1,5
e988335e84f3c830d33f0b8c5affbbc5d0f56142,1,5
68153fabfa45ea9e7646c2ed34a524dad5f25e47,0,1
e0c832e3ed99252799c8e59cd3a5cc3a23e2b66c,0,1
8d6305e3058dbf78b3dfa75067f35736ea564184,0,1
63504909e135935ef32e5ee2018ef0341fbced89,0,1
720eeeb60d97f1ebd1aaa9cd9936ab56a8579cab,0,0
5e0a26ed248a13c44aa66e48649f3958f178281b,1,4
7a700b54a3920a0a249f451ff1cd6eaf395ade50,0,0
f5471a01d45e3afce97db041e0b1ee52dcfaa43c,1,5
7aac0582a177fe65f45e0760536c363409061a91,2,8
0644d46a6947cdec1732aed7897056a4d034414f,0,1
f9687367e8b9fe67c02ec59169581430e5d87067,0,0
db13dc0e1946ccac93c85f182e2fed6eefac4eac,0,1
0b55a7f5e74b39ab22b84ae1c71539f9e1d2e77f,0,1
021f094e64a6393a7490ee680d73ef26b3128625,0,3
4cf9433a1aa66a486884710a23f809178d7fcb1f,0,1
32a64a6e22a582d7fe4312d41aa285496153c96b,2,4
20f037d1a469c5cdd53b18940600de208fbe6cc6,0,0
f5471a01d45e3afce97db041e0b1ee52dcfaa43c,1,5
bcdb01cd6c655a18038a704117b52c0c5d183a36,0,0
a55b3ebfe642158d3769e8338bc6cd5b97ea436e,1,5
8a9cec3e40405f60ab5e91e3a5313180441818b7,1,5
9c5cc131181af42b997df7555fa841f2ca3af8ba,0,3
16aa760463435fd8e945bcd296c075f1811f252b,0,8
bc56ab65256ca089ec4160405406bd7f65206c49,0,3
4ece35bb4c886ad4c05c38dd8392f681abe15235,0,0
a8cd36b10433f76003bdc471d954cc1e183a4c93,0,4
b6f328fdef0d9b5236b54622ed0387caf95f346f,0,3
be54a1f320f07b8b5ca27cba26938f9c0476bd1b,0,5
01e01b64675ec5c2280fe62c0658f27e633062b5,0,5
7aac0582a177fe65f45e0760536c363409061a91,2,9
973a39d9fa61ad9149db778e27112ecaeb13d712,3,3
9b9cb46c3febb6ba7dd60ee600af88b110351a5b,0,0
d2ddf938092bfd226f73cb63a61494a1d2dccec6,23,23
d46fd5c84f7c2a3f7446e425318420507947d475,1,6
6768ecbd16c05c6de61159a637ce1fa9d747daf5,2,0
4702829bedc8c18791aa80213e16d23d6096283d,0,0
3028d479ff00d7652760e3684d1fbc54fe7d2542,0,6
42666964dde83608365e9399cf47c35995b25639,1,2
a4b6099bb254793d9da25bf0472769b72987d182,1,1
9337e69010f393278d848c2f3d87d3c0bc5427da,0,2
cce50080c0bff7424bd856006371e6ce8e52b531,4,12
e3515e9979bc8753abbfdb294c8d312986904d24,0,3
76228cfae8bf9a7dd1e94e8cb6ca5d62c228f785,0,0
583c61fba671cb15c46d8d3284982793e4b0812d,0,1
e690d4397ea3a5e2af2823f6e0c5b98b6c8b64ed,0,1
b275b81303fa72efeac711dd41e67aa6f7e8a66a,1,1
0cb7f5f3a0a440d65219b61a37f222215d05de4e,0,0
70c3c406e249b0eb744220e8b393319bb7797688,0,0
05eaa64f409a722e54be102d869d09956f436063,0,5
f9799d44dbec3aae6acee8b929ed7d69edbccba9,6,13
0df8ab33f1e993cb0e625e7535bcf2afe868875a,1,5
22d135d2cd1866be858b0c947ba6f7336ec9eb7f,0,0
556b8b7959b6b275a71c65f032866a7315b304ac,1,8
75becb037e75f4fc39b3e2280727839003c5bf96,0,9
102ed25d664b2d80af1bb1cd9acfe2103e7f35c2,0,4
b00ecd18a510ef3ab9ccec2a57aadad9feb2772c,0,4
544a2d55ad91bbadf854681d2a538d38b24a4fce,0,0
7b74099449ee1a767676b2d597f6b8e50e467b65,0,0
74408c054082dd0d4da2f20a8231f9a05c25c2bb,3,3
9004ba6873e9d367bf717218f9370a716c8196a6,0,2
185d7345946c29a2a4e2726c912be0c4db4810b9,0,178
38e162df42fddc6b317ea550d538591030b945a9,2,5
373b9f5f582729f2e5cb12d03f139eac67d4c7d3,1,13
3ed02ee3b60edf1f3f507e96e4e0655da1d0ced9,1,6
56577b5c58bcf10e3617e438cbadae5f99655be0,0,2
793fa88455410e65281acdda37676deb928bbbba,0,0
a2bd2545adad93b89195b3c9d17ee66bf6ab620e,1,1
a7bf676f31aba7269d3ae4e559f1fc67a49f61b6,0,14
504c0d30cf87106b514e0a204561d19edde322b3,0,0
1f14795b20eea9be44a0614afe5b8a2bd86a7c0e,0,36
7b93f26bbea63c3dcf97e34bc4a5c3a20716ed63,0,1
ef088e2fe126b71f4a856966073ce83ee8db0ce8,1,13
3c8749160efe88c68f73fefbc52f9fb2fe768943,0,5
1bec5efd35491af6bc413eccf7593ba0ed4679f3,3,4
fef1b8afa3842c52b0310b2c58fd132f73246c7b,1,2
e230a952e5f59dae4c4357a4f256f24d7b8cb83e,0,1
1c724f26742ba832c610e5795bc30e35fa0de2b7,3,3
48ed0bae4c59b370bfb1be01328f99c06c141f5b,0,0
fef1b8afa3842c52b0310b2c58fd132f73246c7b,1,2
4e50f63af0168a9def54a0aa178f83e476c5f304,7,1
2b760cddf53cceae54fd149774226461f5290daa,0,1
fb9f3ecf79a8a908129432100846679650b88a66,3,11
2c327259a45e744c7ad9a46ae35af3145940a830,0,4
a051e1b08e45fbb6b79c83ce711e7b14f8c23fe8,1,3
a051e1b08e45fbb6b79c83ce711e7b14f8c23fe8,1,3
4e50f63af0168a9def54a0aa178f83e476c5f304,7,1
c59f8c83e75e1ca9a84d934e0cee7611d2011f4e,3,3
7aff889f06f56acf5c60bd70f3c35355f65239c6,0,0
90376f40fe0acc9b4b85c5574292e3997d3975f5,1,1
1f14795b20eea9be44a0614afe5b8a2bd86a7c0e,0,36
1f14795b20eea9be44a0614afe5b8a2bd86a7c0e,0,36
4e50f63af0168a9def54a0aa178f83e476c5f304,7,1
aa3657cacf9697a1236969336d1bf1ff9258ef8f,0,3
4e50f63af0168a9def54a0aa178f83e476c5f304,7,1
eb01b2ce3f81e7a53ac58e5915b4c4e78dce40c1,0,4
8980713f22531606075a9990b9d8986bc6c266bd,3,14
cce50080c0bff7424bd856006371e6ce8e52b531,4,12
fa984a743b5d834867daaac7200e0fd74035bd4b,0,1
91d779ad9385f1132a929c9bab6ce73b49ea4f98,0,6
862a2cf21d4bc8e1436b7dbc6282ee2022b74e03,0,9
a547f8a2d8a70f8727e2cca5a54cd8ab5b2344b5,0,1
f4847b131e1802ef995f45f27484044476b9d33a,1,2
d31f2d83237b8a0cefdedcd000a4afb560952acb,0,5
22d6b4384f13484344e49d5aca75490add632564,0,0
100f7319fb26f0d411d0eb81b80c720c68bb554d,0,1
f5a8f00a892f46ee6f3c8e5cbccdec9d1f36dba7,0,0
c695230965f16c5f3f1417df7fa3419fd3908eec,3,3
629fcc424f7f7dce419b7c1ab3d8984a84c902e5,9,12
629fcc424f7f7dce419b7c1ab3d8984a84c902e5,9,12
629fcc424f7f7dce419b7c1ab3d8984a84c902e5,9,12
629fcc424f7f7dce419b7c1ab3d8984a84c902e5,9,12
629fcc424f7f7dce419b7c1ab3d8984a84c902e5,9,12
629fcc424f7f7dce419b7c1ab3d8984a84c902e5,9,12
629fcc424f7f7dce419b7c1ab3d8984a84c902e5,9,12
629fcc424f7f7dce419b7c1ab3d8984a84c902e5,9,12
b01d00dfb78db358290b45ddb00c66837fc59b78,1,1
0c34fa4ba99821570dbf04e22d6f749a9c1b2456,0,3
7561724b191e890d8687eeb863bf8f0a59a516e0,0,8
2953849312b3364f437cb4fbc5d1885a8121ee1d,0,0
fb9f3ecf79a8a908129432100846679650b88a66,3,11
9cfcd5ca1a4e362d54dc82b0fbb966b1f39e9b2a,0,16
769ebd19e7ed68a511817aa2bc12c2bcdf149446,2,4
769ebd19e7ed68a511817aa2bc12c2bcdf149446,2,4
9e48a5ff8b41c0e3f0f6d331cfda0e2b9014be25,0,2
16a68f3ffd3b44c05c05cd6247839fecd68affc9,0,5
4b39b78e4afcd6c36b385f5c46f1d9a4eac2e29b,0,133
c695230965f16c5f3f1417df7fa3419fd3908eec,3,3
904f902dbaa69099fd3afc986a8d3f5bd5ff32ea,0,0
274fed4862a5ac81e4eb9adf9e9c4bbe3d9507ff,1,10
4c7194a39bb0487de0afa3ec3717d048ebdd6472,1,20
67e457c9395a86eaa440c905d3a4b14379ea504f,0,9
c695230965f16c5f3f1417df7fa3419fd3908eec,3,3
74afbb76499ce803323297518a436169054ff3da,0,2
4e50f63af0168a9def54a0aa178f83e476c5f304,7,1
8782e5a4077a63846076fa24da7aa4f75e3452cd,0,2
8971a4fe79577addbbb6c4582069786ba2c011b6,0,7
d8914a88ed466b1bedf33d914a39f6a0b2e1ca95,0,16
bc34ee644387224177fe3e973ce793328d27b001,0,5
769ebd19e7ed68a511817aa2bc12c2bcdf149446,2,4
d281ece4b5a96d6101cbea5f3475d0d8e19f75c8,1,1
fa6e0740fdc66afe05f0b54a507f58198f6e2000,0,20
2e5dd7eaa8b1351ca373d9f3a65aa216726fdf48,0,6
b01d00dfb78db358290b45ddb00c66837fc59b78,1,1
22690af1c814042483964ab100800d8093860c6c,2,3
fb9f3ecf79a8a908129432100846679650b88a66,3,11
3ed02ee3b60edf1f3f507e96e4e0655da1d0ced9,1,6
18029ebe619c78a159ee14c63d2070014a66cb10,1,0
fa6e0740fdc66afe05f0b54a507f58198f6e2000,0,20
38e162df42fddc6b317ea550d538591030b945a9,2,5
ef088e2fe126b71f4a856966073ce83ee8db0ce8,1,13
b44d0e45ea2baa3df444da09779cc3ed9c10867a,1,0
7fb59498a9060ee4d82912c3cfb502e8382d7be3,0,3
cce50080c0bff7424bd856006371e6ce8e52b531,4,12
e62af1ffca82980442c955255f326aea40e3a27b,2,1
7c25802306a64c5b145155ac897f459865a7eccb,0,3
f8b1e2d0a3cbe8a4a37bbabc756e757b58a5eabe,0,3
d281ece4b5a96d6101cbea5f3475d0d8e19f75c8,1,1
8e7b1f952ea08f2719f48f8eea7b2a1129865845,0,1
c66477955047d643aa98cae4349fc63b1e4e460c,0,1
373b9f5f582729f2e5cb12d03f139eac67d4c7d3,1,13
0a55a82cb61d7aadcaea874f5184aba507d5b0d5,0,3
b411cfbb1c60af09052e17d1780f1cdb770bc4ef,1,19
4e50f63af0168a9def54a0aa178f83e476c5f304,7,1
eef429f38b4829a27d78151385e30f0fbf63e422,2,12
eef429f38b4829a27d78151385e30f0fbf63e422,2,12
c75b5d2bc3228c32f2f5b4f4f70444b9d187cb57,1,16
b5002e041d587ffb997e946f55daa9f8bdb438d4,0,0
e48f95feaea21ca3da9a3ccab7978eb56716ce83,0,2
4c7194a39bb0487de0afa3ec3717d048ebdd6472,1,20
ed7ea5060ae9c854f840ae335117cab176c615fb,0,14
2d5908a7ae171e00deb6e930cc6270d9f5a8c3b0,1,3
5dca3b67034d289fcc98b7ddda5acd0892592cfc,0,8
43e61386daeba08507a4d087eb7918b33b715b07,0,0
e955c46850e4738830198a889c3f09870b88ab30,2,2
7b784586364cd804110fa740125218a942ed7c5a,0,17
e2b07273484056f508f958a931343397b4c8a43f,0,0
f9799d44dbec3aae6acee8b929ed7d69edbccba9,6,12
f9799d44dbec3aae6acee8b929ed7d69edbccba9,6,12
a3beda925b3c5b1592f3ae5a40f8e1c231b0f60a,0,6
22690af1c814042483964ab100800d8093860c6c,2,3
2d5908a7ae171e00deb6e930cc6270d9f5a8c3b0,1,3
31e6797d8a1d0827180b0b54ea4a8b5fef936a59,0,2
250f9b9e7a069db4c756bc463a7418da66597578,1,2
845b384b1796902a2ee15cc65c9c31ec3dd07293,0,21
f9799d44dbec3aae6acee8b929ed7d69edbccba9,6,12
89ee88513c0012a776afa5d7dc5af14e01e36852,4,6
7a443418afc89cb9b65eed136da7964c07bd5b6e,0,0
89ee88513c0012a776afa5d7dc5af14e01e36852,4,6
a880addc0b9a45ad4461cc46ed261ea7df9c812a,0,22
f9799d44dbec3aae6acee8b929ed7d69edbccba9,6,12
b411cfbb1c60af09052e17d1780f1cdb770bc4ef,1,19
86d03935c29e93e804e87f3d220de86e922391ea,2,12
86d03935c29e93e804e87f3d220de86e922391ea,2,12
a0284e1c61cb465bdd9069e17c61f181028a0bba,1,1
d944eaed90d080c0590960aa440f29d0e9585254,0,0
bd03fd0476fd17c44c3121741f563823dd8d2a9b,3,15
5d6c2ee1d47968745b75de9a44ec01880d0708bf,1,4
afacd9d41080c81bc74fed50c2d15e5ec647cb1e,0,0
4423d27999393da42a12b68d4a45009272599b7f,5,11
dd13184e76610c12f1482af7790e4b13378a4ccc,6,6
9a6ddf493d47ed1c0476a06e8d5f5ec377e7a61a,0,0
d364ffbf6029c1458b14ed06235ea5a2b70ccfad,0,0
5c9edc9c8edfb2950bb7e163cb6fdc5064245f19,0,3
dd13184e76610c12f1482af7790e4b13378a4ccc,6,6
9407bef5e69e8b8ff61493fa405ea26a6b44947e,0,1
4423d27999393da42a12b68d4a45009272599b7f,5,11
7289d68032964c542d84f2c4629fb419aaa5d6a7,0,0
82e555d931ef42aa45273de6723b6887a7c17b06,2,3
bd03fd0476fd17c44c3121741f563823dd8d2a9b,3,15
8980713f22531606075a9990b9d8986bc6c266bd,3,15
3bc1f0236cdfef81cb36ebce23f9350b1615928e,0,0
69467d3b955e34011c61bea6f51d4b237407067b,0,4
7cb7ea60324932723db22fcd1964e26f73f7d9b4,0,4
8351736a6d4afb27909e86d7a6b2e4362798bb38,1,7
639bfd54158ce7fd4200cdd41da3d9a48b1be978,0,2
4423d27999393da42a12b68d4a45009272599b7f,5,12
fe14e5490c7f9d7b687052f6492a88dd0f609f7a,0,0
88010dd5dfba82bbbc388897f64cfeb19e3873d0,0,3
c74c557ec78638b5a6db057c3fc94b2ef7f1a851,0,2
9024f87c624dd67018704a3d971d19cbc37b040f,0,2
7d66c25c92e63ffe643cf3799e0558a04bb8c315,0,2
0d7156b9a002effa0682071fd09cbe2cbf831a31,0,1
7a9e5d723b78ebe542e5d8f78b856b8c1d1c6f36,1,3
d1484f89956f1eb694a3b9eb6d52bd9b66ebafa1,3,15
7f4c36c03629498db8e56281906241a82846e1e3,2,3
40d2834d801df2d778d8d978da28615d39bedf0b,2,2
28b042ef270f40a253b712916a198243e12af0da,1,5
3839110e2b63146e85484622c53ac0365f010eaf,0,0
4423d27999393da42a12b68d4a45009272599b7f,5,11
fadb430df86495241cc72a8dba566445e5e93080,1,6
bc57d22f2a4ae8912d263608cf0a606fbbecd43a,4,6
bc57d22f2a4ae8912d263608cf0a606fbbecd43a,4,6
c817c2e686060e38d20a0493d66014ddb0613fd0,0,0
e586da37ffec97d44d1a2209988fb5ced0b6f0c4,3,0
5ed32e1c21337e216f773129f22946f61c49fd8a,0,1
8351736a6d4afb27909e86d7a6b2e4362798bb38,1,7
1b03f039aa4abf0812a3a8ae0ba248c08fdb39a3,2,6
4423d27999393da42a12b68d4a45009272599b7f,5,11
7219e3609adfd1c9a7817835c64eeee452765b85,1,3
aa4585d06b16e17a18f1a72e51120392beed11c7,1,2
e955c46850e4738830198a889c3f09870b88ab30,2,2
41b1705d0dde6a66b4867a4abd574fe3a11c01e7,0,1
51a1569bde2e2bd547463c157594888757b50b5d,2,7
232c3459ca30fae4bc4ba90f794079ccda8cdaf9,0,0
706865f93ed536a6f6ec60cb637cdb1ee3e896be,0,0
07cb5b8921a41dd6436f32e305117377f109e829,1,4
a01ea2001f8e03db0e37d97df75683ad3b47ce45,0,29
3e20dfb15c6fcec5ea6601504156e17be5a504a3,0,0
73bd208964a0842832c42a52c5a3cd501d25429c,0,1
403986f1c244723911cafadeb369064ec2f551cd,0,8
bc57d22f2a4ae8912d263608cf0a606fbbecd43a,4,6
8fb37b693db43937c86f29d79f74038847053553,0,0
5758f8be468caa98dec9c7e6c9ca9d967a038826,0,5
a10e06b7e74302db8f6a31b7603eb9621f92baca,2,8
2faa149407e4b75dd8f81fd433c406ced1c744ee,0,2
9117fff18e771f2b1cb23e0dfcc83b0550f63fac,1,2
d320975443b3fe87801415084b9cadd4833473c0,0,0
1c724f26742ba832c610e5795bc30e35fa0de2b7,3,3
a10e06b7e74302db8f6a31b7603eb9621f92baca,2,8
a10e06b7e74302db8f6a31b7603eb9621f92baca,2,8
d4e46b099faaab5787c6df89898014a1ec34a61c,0,2
b2c40612a2c60685555f35af71f5801391a58b4b,4,8
fe79e514a3ba933a82aa829dd5533fadfac30c64,0,3
787902ca13e8b13caa0561f2592d8a8f00dc0347,0,0
08081682206683c92d2f693acd490738c22d8be1,0,0
1c724f26742ba832c610e5795bc30e35fa0de2b7,3,3
4add3167c918dc2b6c33f55a5a8aff70cb5f2bed,0,1
9c69bdaa43e92652d28c097591c3d5083172afff,0,2
42270fadcf75507fdf0bda1a3cf1634e5602f563,0,2
b2c40612a2c60685555f35af71f5801391a58b4b,4,8
cd41230697708480cee69eebcd605c14f05d2508,0,0
05a02110aadc81b70ed172c8c93141c4a87df8b8,2,2
a01754cab46d5b4e410caf23e80f81c39559d7c5,2,2
5ca1ad8266304a5738b3611339804c6821e09bcf,0,0
16d4938b72919e7454fb23633d3d8e53f16f38b5,0,1
d1484f89956f1eb694a3b9eb6d52bd9b66ebafa1,3,15
9c5b8ab5cf458447c57caee726705f8202aa3d88,0,5
fe5eec671477f0504cbe4cad2e863180cf1413ab,0,0
6d2ec481cdad6029b29a3b3d217f23ab47e92588,1,10
d223bdd90d11a4fa7c0c40c3666f597e0f50e489,0,0
2d0406c5a9bdeab7a357c38213c90cec000bdef8,0,4
9d1c448bb828d344aa773a66eaa60ac6bcc1dfad,1,5
bee4d64cddde59a4f57c49919efd32f9bfb29e9b,0,2
fbd52b881850f2f781247680af0878f0c23d7267,0,1
e63bc21abb18b2495c961ef46a9f31c1ce99a1f7,0,0
6348f647ce3ee6455a523c1134631fcb5b27b0a5,0,2
6319d05901266f98ac3163a7e66d7f0af72217d6,1,11
a7db26ee64b178e359d69be7bc676b709b0d46b8,1,5
dd13184e76610c12f1482af7790e4b13378a4ccc,6,6
9b8e385eb4cc13ae25116287b0750e621dba6683,0,2
1b03f039aa4abf0812a3a8ae0ba248c08fdb39a3,2,5
a3d67cca0db54c3bed4b20fd10647f9f34e10948,0,0
74408c054082dd0d4da2f20a8231f9a05c25c2bb,3,3
bca3a0b9f0767c5dcf79adb8ad57f63c50233372,0,3
382c4b2190164ec5db9e473cb05ea831b44827eb,1,5
8b7c374530786bf9e32a1d21dc7cb8bb494c2cd2,0,0
a7db26ee64b178e359d69be7bc676b709b0d46b8,1,5
00228cf1dacab53ee823e55ab7c79031bb529e61,0,138
64e35c1aab302bed505f9829c82132adee1d05ad,0,14
382c4b2190164ec5db9e473cb05ea831b44827eb,1,5
1c724f26742ba832c610e5795bc30e35fa0de2b7,3,3
43c8ba2ea27264f42fed4a96c9f4d24a54a97f47,4,8
aab7a08e7f22fdc306767e775c8be4d1d8866544,1,0
9b0dd5dc979bd490ae34f6d790c466b47c84c920,1,2
dd13184e76610c12f1482af7790e4b13378a4ccc,6,6
5fa1dcfe0430c933eea1257e4b0a3705f41304ec,1,12
750279d5c19850ab4930abadd3bc515f20a9e948,1,1
734c645078a10435dc60be4295692a21e66c2cbb,1,1
3a899d84311abd98c6cd0579ff2d7b9bc90ebec1,1,7
b2c40612a2c60685555f35af71f5801391a58b4b,4,8
771af5dc2a45a2cfeeb48d1f2286424292238595,1,10
f88fc31ecf5006a3b44e8c640da4ba821f52dd90,0,2
18d40f4ecde0bcf2e43fd7c5e8680e8de63628fb,0,4
a2bd2545adad93b89195b3c9d17ee66bf6ab620e,1,1
78f7d65a4ac274a9a2cf2e95988a5857d1347ebd,0,0
8a361521323dcf9360996aa6fb405f90dce189cd,0,3
dd4f0a08905cf2ef3d2e3231b1fb87c1950fab9c,2,15
dd4f0a08905cf2ef3d2e3231b1fb87c1950fab9c,2,15
d84bce709c487568082336a10d8a3791ae70d331,0,0
750279d5c19850ab4930abadd3bc515f20a9e948,1,1
b797c5546ec7288b27f9e0e9cc6780cdb50aef75,0,0
74408c054082dd0d4da2f20a8231f9a05c25c2bb,3,3
6319d05901266f98ac3163a7e66d7f0af72217d6,1,11
aaab4e8b5010d9c22a832b4662be1b0f90c085ce,0,0
5fa1dcfe0430c933eea1257e4b0a3705f41304ec,1,12
4bb003344938bc12bdc5898b9c2be7baf34d64c5,2,6
a60530a1aa6c6eb3adf8becfcd54fdf509359e64,0,0
4bb003344938bc12bdc5898b9c2be7baf34d64c5,2,6
7eef9cd9078fcbb3c8da36e23f5192e4e2b411d5,0,0
58f1db59f646be975372ea560b060b55907aeee3,1,9
0190a10c418f5ac98830428ef7f6f8c333793896,0,3
bd03fd0476fd17c44c3121741f563823dd8d2a9b,3,15
b83d547af4ac0db3a4df350301c2a45487f81054,0,4
946b21d05890cc2d81cc21adf548388c81959882,1,0
4be40de561069e912565fc02081fcb4e61d4eed2,0,0
dd4f0a08905cf2ef3d2e3231b1fb87c1950fab9c,2,15
28d3439f6b923d83a3da8afd2a4fd82f044440eb,1,1
9474f5a54a35eb999aed46cef8c1a5defb3c75a0,0,2
ed0e5aecdffc29d4368d9c777f0ba903bbb282a0,0,0
3dd64680a39a726321fe2fd5b5278bbb4e7da925,0,0
c04b2fc2d83a624fd187bdf4ecb05ea3ee4087a4,0,0
18e5a410d2c082a01587cce6b50e058b87d131b2,0,1
c2cacfe36f18b601b8afa0795270756e9eb4bae0,1,1
09cc31cdaa31aa1235c64548e1fdea68b45764aa,2,2
aa6cbb78cca17a9de339b2d060c00352e8beedde,0,0
771af5dc2a45a2cfeeb48d1f2286424292238595,1,10
d0f6c2bb42697c78af24c0e3657f0ec7c9d47b46,0,7
09cc31cdaa31aa1235c64548e1fdea68b45764aa,2,2
c59f8c83e75e1ca9a84d934e0cee7611d2011f4e,3,3
7f9b73fa626ff3cf514027f0e80b632a2a983074,0,2
09cc31cdaa31aa1235c64548e1fdea68b45764aa,2,2
cce50080c0bff7424bd856006371e6ce8e52b531,4,12
8780a5632c5cddc9efb319b3fe99731097b07d5d,1,5
d113fadb6cdb70ad68bbd6fadb33fb3162dc3e2b,0,0
b8a5193d13e376b4413bd5ae1765a3aadad21e03,0,24
b2c40612a2c60685555f35af71f5801391a58b4b,4,8
d0f62702bbed02e8bf4e99f428f4fe75dfaaf021,0,5
7ec1d0cbdec3595bdf9e373da6109c9a8f31e5f0,0,1
d1484f89956f1eb694a3b9eb6d52bd9b66ebafa1,3,15
33d25391a229c561100ab3befebb0e2046bc56b6,1,1
8520833e684aa9e305dd8745e45696ffd6d984fb,0,25
af992a37f8024849970707b7f65174464508a67f,0,0
2802447b2d207c6393233da79a44f11a3163e243,1,2
8ab0d807d70eebdf89a3106289f93a17460c4cbd,1,3
ac88159d6c887b60305ecba80aaa4ea9162b8ede,1,4
963ec92a2074a8b44c2291618fe3e024b2d963a8,0,0
7236581748d15f6189f5d44dda6eadd4f12f5124,1,1
26b5a96cee2c9b57e2dd77fdc73dde8811098441,0,5
f11949f87d9cffc8cd30d1f08fce5cc6153bbf21,1,2
b275b81303fa72efeac711dd41e67aa6f7e8a66a,1,1
c8af1c16b8250fdbeb705f21fc6476d59b86d2cf,0,0
d1484f89956f1eb694a3b9eb6d52bd9b66ebafa1,3,15
7f970bc8b40bb420a7efeec2c93fe97c0ac72afd,0,2
fac6e625dba9182d3fd78e66380b307e3406eab5,0,8
0c8662ea1df49bb4598d5766bda1cf5821f0e9c8,0,0
a13e3b2435868280037ad0e90d5a0a03c49ab6cc,0,6
554e45b2fffc3850523ef8bb7c0969a89c76ca45,0,4
aab7a08e7f22fdc306767e775c8be4d1d8866544,1,0
8780a5632c5cddc9efb319b3fe99731097b07d5d,1,5
1f8f62896d276adc22c65067cce0e2c3262039c8,0,1
274fed4862a5ac81e4eb9adf9e9c4bbe3d9507ff,1,10
aa4585d06b16e17a18f1a72e51120392beed11c7,1,2
d7f7b67dee86be1a8b30d4681910883d4f4481ab,1,1
bff61103705929276deff2e73e8c305ca160d660,1,0
741630ba9190deb9fb871f296f4b38fcdeb17a51,0,0
29d68bcefc090e714087b43023a5085f0baad834,0,0
c695230965f16c5f3f1417df7fa3419fd3908eec,3,3
18aba35fcf77fad95577e3213e1eb66f5256cf42,0,13
9117fff18e771f2b1cb23e0dfcc83b0550f63fac,1,3
8bd68213d9222acffaac5eace60bfd174a02e5ac,1,2
8ab0d807d70eebdf89a3106289f93a17460c4cbd,1,3
124fadb698a373265494c5d6f3308163c46ab1f9,0,3
33d25391a229c561100ab3befebb0e2046bc56b6,1,1
90376f40fe0acc9b4b85c5574292e3997d3975f5,1,1
629fcc424f7f7dce419b7c1ab3d8984a84c902e5,9,12
c59f8c83e75e1ca9a84d934e0cee7611d2011f4e,3,3
875b48e8456c2861296f5be29a53c045dea840e2,1,3
2bd09952bf6b2a1acb2ca2454f844071a4ec4c3e,0,0
99d99cf021f9e67e45d08ce4d5d0117262a613d9,0,0
c7a1fb931d56994517c0359d66870408645ddaa3,0,1
2802447b2d207c6393233da79a44f11a3163e243,1,2
3859620759f106d6801aaf871aa29bcfd1cd6c86,0,0
7650a9f2c597711363f85d96f789df5556762fb9,0,0
a09ab966784ac78df9b1d36479714f7514d15d9a,1,1
e62af1ffca82980442c955255f326aea40e3a27b,2,2
b40092c467e03e4c6d251372464282d7e605a035,1,5
ac88159d6c887b60305ecba80aaa4ea9162b8ede,1,4
8bd68213d9222acffaac5eace60bfd174a02e5ac,1,2
6a84cb173f8dbe18274005145fecfe416232bc08,0,5
d2222e9271385f37faf6798540a295da6ef25164,0,1
fd1cab0eb1ed51261049b7799584b060dbe46755,1,4
83a9edd80cd695f8c4f98e012565c9ee01ad41f5,0,5
1b03f039aa4abf0812a3a8ae0ba248c08fdb39a3,2,6
5b40508c3b03e38a9016ada3ad5fbebb996fc588,1,9
1d4e2d1ad254a32a1444e0515a8bfdef1a812a8c,0,23
5b40508c3b03e38a9016ada3ad5fbebb996fc588,1,9
dd13184e76610c12f1482af7790e4b13378a4ccc,6,6
fd1cab0eb1ed51261049b7799584b060dbe46755,1,4
e0669b5d8a5d62533de688b75e58cbb52cf327fd,1,2
87ddfacad04758c8cc28b9abfacb43edb6a3d6ab,0,1
0df8ab33f1e993cb0e625e7535bcf2afe868875a,1,5
a0284e1c61cb465bdd9069e17c61f181028a0bba,1,1
d31ef4dc71eb1692af84a36b1e9e747c2384dc45,0,0
b991648cde18f447099eaee3f605e1b709151dd5,0,1
f9799d44dbec3aae6acee8b929ed7d69edbccba9,6,12
e586da37ffec97d44d1a2209988fb5ced0b6f0c4,3,0
475b2989ffa8ec61c3327c62ed8f694149f83220,0,0
8a451eaf5b47c2312664b24823cd430b0828e81d,0,10
ef0a6bbba081a11baefc376203c866361e8e6af8,0,1
7236581748d15f6189f5d44dda6eadd4f12f5124,1,2
120a0afc515dc2bae4118b40c0c7b38833c041bb,0,8
776895e8317332bb4e22f92f6a1d0e3c96ffdb1f,0,1
251feac8ff71a4238d6bcab79926a9137bca3fa4,0,0
b714206282e064ef4e839b35a8063c165aff9570,1,5
55584086764e242dd459d760bc0a1ec401c93c21,1,1
1bec5efd35491af6bc413eccf7593ba0ed4679f3,3,5
9b7fa3d4a2701aa3d2f84e4d3494f8357d68f597,0,0
47846bf3792679ad54eeab1afaf0b77983393a41,1,5
a278d96bb53f65ceef640991320c26e656ba26a0,0,1
0c0db9047644962b4faa23fb2b6406824a2db9c2,0,0
53fe4b2649cab344f1d3cc68af9aa107d4ccf362,1,0
bdfc99af09c6d362d35e28a2c40ca1b0fff15dce,1,7
e50566aa00e42cfc459d27eb3ac13934ce5535d8,3,5
91ecadf9a2435d3d12857dcbff26471baf6b42cf,0,11
d1fb9e2bad0bb7bb8a78b14ee2417e7a3e2bcc18,2,5
b2c40612a2c60685555f35af71f5801391a58b4b,4,8
de57f7f4147df077e6b2dd163eee45df919fe5f3,0,1
59ac5ddbde23d2ef54f62022849787e6c27af10b,0,1
6034361e934813568321601e3d747786f18129fa,0,23
1bec5efd35491af6bc413eccf7593ba0ed4679f3,3,4
c1f2606b0d87a362f0ca3cfbb5f4f26317bd2318,0,0
625d17d736805aa6a4f6d879b0f7e7bd4b9e7ae0,1,6
82e555d931ef42aa45273de6723b6887a7c17b06,2,3
129abaafdd1f9ff75339f9252fceff2e1952bc0d,0,0
c3850374bc5370332bf480f9fd18484f4fdc7c50,0,4
28b042ef270f40a253b712916a198243e12af0da,1,5
fd6dec8313940590fb60b11832e0aeebd7b97a3b,0,15
5d6c2ee1d47968745b75de9a44ec01880d0708bf,1,4
e830f526bdfe2d7879fa693971b298a4215c7ba4,0,3
973a39d9fa61ad9149db778e27112ecaeb13d712,3,3
ec88998eb8456295d5360964876b192d01002ec3,0,1
8e0bfebe4dd3ca6ba3eac31e63277cf15ae37c18,0,0
497fcd787f9bca1dd281787220a9d849eb67d98f,0,3
aed7712bcd0ed9661aeb006c8317d54025f6063f,0,27
7672b2de95aea95b92d47cde3215ffb9f96aadcb,1,1
deda8a2f4dfd815e8e3d95bebd867c03b6ac1419,0,0
e656635d8262bac56540ee80eab365fc9ee469f4,0,0
df80c132f136795cabc8cc8aab3163241cae565a,0,1
82e555d931ef42aa45273de6723b6887a7c17b06,2,3
07bd8cc3e534be23c22d336ad8aa85f3a767762b,0,0
b506baa7e8ac8c29786b2627c24f5f2696d35b6c,0,10
cc5db7b1f60ce64e1217ba59cbffb3033df63245,1,0
2c7715cf0476d504475cde7b5e23c4bff677036b,1,1
144a37d10e955d8a27ba8e04ef000d86947cd5f0,1,1
144a37d10e955d8a27ba8e04ef000d86947cd5f0,1,1
c7703106dc717f5ac8b7f326670429362f5bcde3,0,0
5d23970cc55b250b8e430ec202d10bffad4b04a3,0,0
973a39d9fa61ad9149db778e27112ecaeb13d712,3,3
f4f527d492a96189219f480e47e09aaf1d0105cb,0,3
43c8ba2ea27264f42fed4a96c9f4d24a54a97f47,4,8
3d24714deb07978972b921025551d5328faff039,3,18
ba40f57297dfe2d64b24841a1878cede81d315dd,0,1
943e5a8eec712184eebf3dd3a029dd7a0aef447d,0,1
b1e482b45804f92d23f4236daf5d7936266ef0c1,1,1
c4c9c25621e9e7311e09ed5769d00d0634c5bb23,0,0
6a37f2f19401b42ef29a51e2ae3f0a9252f8b9a3,0,9
7f4c36c03629498db8e56281906241a82846e1e3,2,3
7f4c36c03629498db8e56281906241a82846e1e3,2,3
185d7345946c29a2a4e2726c912be0c4db4810b9,0,178
9e2c010ba6ad1c55b3bdfb0610ead8aadeb43142,0,7
0e5c46359db26a75b09cfd6abb3f9ec9798d98d5,3,5
efdd24c592a212a81e7f91164fe0d2a914cc5e09,3,6
3d24714deb07978972b921025551d5328faff039,3,18
d1fb9e2bad0bb7bb8a78b14ee2417e7a3e2bcc18,2,5
67f67a15419466ab566e4822af2561cafb61b9aa,0,0
93196eeb819024079e94dd1eea3b22af993723cf,1,1
9a5b7d1c31c4bbbdf945acdbb9a633efd14073d4,0,7
4423d27999393da42a12b68d4a45009272599b7f,5,11
86e2c82cbe0eb8ca18f1b80f7b85b375cc316ad7,0,0
fadb430df86495241cc72a8dba566445e5e93080,1,6
e955c46850e4738830198a889c3f09870b88ab30,2,2
42af93a2a42c7e6bf03ea492011c2a06f06d7aa9,0,1
cbd26f11f54f4a46c2597b6ba564b76aa9d68c88,0,1
1168e7fbbfe43fd31520b99c718065fcfa2b3d2d,0,0
d5922d963aa46f5f1ec0bb747ff6221b8d56aabf,0,3
d1fb9e2bad0bb7bb8a78b14ee2417e7a3e2bcc18,2,5
3f21c0387faa792705ef8956c0aab574addcf82f,0,1
2f656eb3caaeb34abc0a451f7e6a6b0820996502,0,0
7219e3609adfd1c9a7817835c64eeee452765b85,1,2
74408c054082dd0d4da2f20a8231f9a05c25c2bb,3,3
0e5c46359db26a75b09cfd6abb3f9ec9798d98d5,3,5
bd03fd0476fd17c44c3121741f563823dd8d2a9b,3,15
070aac7a7d5ea90936f601619ec35eeb8273715a,2,0
070aac7a7d5ea90936f601619ec35eeb8273715a,2,0
d01f3709766207ba24a8e0790d220157a7e440b6,0,2
1cf45c22228dc96e29734d2fc2f42976de316404,0,16
43c8ba2ea27264f42fed4a96c9f4d24a54a97f47,4,8
07cb5b8921a41dd6436f32e305117377f109e829,1,4
138a677cec6be3d5c0fc7c84ef1b94d94835cf28,0,0
35c47b71f841e511de827b674aba1dacf82df84e,0,19
3d24714deb07978972b921025551d5328faff039,3,18
629c3f017cadd28fbe6870a61d0d18f85afb7991,0,0
93196eeb819024079e94dd1eea3b22af993723cf,1,1
efdd24c592a212a81e7f91164fe0d2a914cc5e09,3,6
248995f028f25b88621da7542b1f729f30e6d00d,0,1
298a83271af5fed122e793898c3abce4043ab8d9,2,3
1d2ecffa1b07d930c0ff936e2574d102aaf7255d,0,1
df1a6fa07fbd557685349c349c4916d4116df9bf,0,1
efdd24c592a212a81e7f91164fe0d2a914cc5e09,3,6
7a9e5d723b78ebe542e5d8f78b856b8c1d1c6f36,1,3
129c36e24bbd3332832728124ebf27d2462a0300,0,0
164843bd45eb6fec25367a6246e661862ed38c5e,0,4
a2fbb3a46901eee3310527bf6e283f1656dafb89,0,1
51a1569bde2e2bd547463c157594888757b50b5d,2,7
8980713f22531606075a9990b9d8986bc6c266bd,3,14
ef5710c464612fc363f5e2f20b96b21463473236,0,0
40d2834d801df2d778d8d978da28615d39bedf0b,2,3
a0ca87530991900db5b34df3683aa010dffe97c8,0,0
7672b2de95aea95b92d47cde3215ffb9f96aadcb,1,1
3d24714deb07978972b921025551d5328faff039,3,18
4893461482d8d04a8d71310d73c3a870dc042f76,1,11
cc1bb8339311c8bd313113c503b2a48be3bf1b99,0,0
4ade0000c887712be37969bc0ebdc0187114fe59,0,2
2d92872bff48a49bf2a1e71c0227741d9d923313,0,0
432d7430d57b59f2cc65c42e09f604e174b868a2,0,0
3310a2392c49341b5322e693d69ede0c4d1d1039,0,0
120a0afc515dc2bae4118b40c0c7b38833c041bb,0,8
2a5507fd3cb789398f66769bb6202bb450fb219d,0,8
d8ecef5d1cf10f5259bd1f35dad9ecda590a3169,0,2
c6cbc3ea47d11ee1a7bea8c69473101f0a6d57f5,0,9
d827d17eb910c1fa5cbbc65a39f0d01e59916294,0,0
c94bb1b436b835bf4b15a1e0395a2813e71f2bc0,1,8
9701e35bb6c271ae64d1baebcbf79488928867ae,0,2
45b40a7e352db58ea53bb73d360b56036e5ec173,0,0
9fe76174fcb41ab62dab984ff42e1790d11f44c9,1,2
9fe76174fcb41ab62dab984ff42e1790d11f44c9,1,2
7ec4c7e89524e406de1277c1cf58513bf8c1dc1c,0,2
3de6c7b7769587d972ff45be75656c079a4eafc1,2,3
59e4d7dccab1060ed3d8922fea96e23b0ca76336,0,0
586d3e40d1f53cdf5f8bec9eba75ba1ca0a7a724,0,2
32045b0f8a258287e0fba79c3e108bdec835f2ca,0,0
b6745d85bd066077fc1b9ba5f68bb9ce67eb3520,0,0
b251ebc7ec4025a182d31cb5fed74d813b33135d,0,1
e707c1f33f8732dd2f058818e4137b282504e5a3,1,1
8b30960d3f9ce8a618cca4eac0366f70f33c3343,0,0
a01754cab46d5b4e410caf23e80f81c39559d7c5,2,2
e707c1f33f8732dd2f058818e4137b282504e5a3,1,1
133fbaa376e779ab515f763f7a6986a0ba4f37ce,0,2
f568e4dbde5de6c5d3ed39af73d02d2b910a1930,1,1
d5426512dedb3af3548a23d620d4d2e7471c2daa,0,0
e0460ddf9485888aad9c882769eace2d8a74b192,0,0
eef429f38b4829a27d78151385e30f0fbf63e422,2,12
bc2fc07c8be623ce57f2ce84bc5e78c40f985c67,1,3
6b9b84ec937edc9bf4644fdd3a55c51e424a63ac,0,0
b906e69449d70857d8a46b2139032f47fa2a06b3,0,2
6a2332f6b17c818a7f091647b102e7099d36569e,0,0
567dc68cf458af1aa3dd25f3f30aae9501325d32,0,1
cc5db7b1f60ce64e1217ba59cbffb3033df63245,1,0
3d790e215cb0be23d96bcf4d2b73de23eb0abf07,2,2
3d790e215cb0be23d96bcf4d2b73de23eb0abf07,2,2
bc2fc07c8be623ce57f2ce84bc5e78c40f985c67,1,3
3d790e215cb0be23d96bcf4d2b73de23eb0abf07,2,2
e0baa6d2a5130097c33ecfe67df548075d850ca8,0,2
dd13184e76610c12f1482af7790e4b13378a4ccc,6,6
dcec4e2418530a2d0dbe57360c7636d8eaad9b0d,0,3
8b05a5c990b66037bfffb6a8d961a9a691e77b71,0,1
aabf62de8b0e067a7b14bd3b57b85bb06f96b9b7,0,5
f220575ac249016d76656e287e0b5cee235053f9,0,3
b938f180b9253a1c6cd06a959c2318ed9b5f266a,0,1
f568e4dbde5de6c5d3ed39af73d02d2b910a1930,1,1
86d03935c29e93e804e87f3d220de86e922391ea,2,12
e754cac659d3a8f5c21b6b63604c10bfb2b7e7d6,0,2
a93ed9b757c287629ff809b8d49ee0863e4073d4,0,7
9ba9d0bd22a3c122037adc9c888c3ab407eada00,0,0
ea8ccb39c73d4f977592eadc5bd3a64c0fafdcab,0,15
c94bb1b436b835bf4b15a1e0395a2813e71f2bc0,1,8
46d2c7dc2c0a584168840550808e4b2fc86754c6,0,0
36118095ad30c211c8e4e132024416367d2485e3,0,0
3a899d84311abd98c6cd0579ff2d7b9bc90ebec1,1,7
bfe11064730d09005f6428ad9e319a561dd1e307,0,0
705d4b1198056722d9abb48d1feeb88cd0121ded,0,2
efdd24c592a212a81e7f91164fe0d2a914cc5e09,3,6
65874f56686975edf7cb3723024ce9a87cbbd754,1,2
3e359bade3714e8bdc3abc06ce9d196178b02a2d,0,0
d710c9a1f767ec589bcb15664c7511afe49931e8,0,1
476dc29ba1aa66c3c78d4734ca345f1414957e61,0,9
55584086764e242dd459d760bc0a1ec401c93c21,1,1
109af28c9a23244534fbd14fcef64eb92f6d1ed0,2,3
8b59898eb4d88a7d1ff262e285ae063697e2abe3,0,1
734c645078a10435dc60be4295692a21e66c2cbb,1,1
da3c1c3b670062e1ca4089c8add6bf4a5fca3762,0,2
ae43548c16ca35b9a83a2d34864557cf503c0df4,0,1
4f213f71e2644847adc03b0d3df94a1a9987e197,0,0
dd13184e76610c12f1482af7790e4b13378a4ccc,6,6
d95fedb55e3fe14def17efa8fea2764a38c2ca72,1,4
95c8d19e9faefab367eb0b0b1754f5686a312e1d,0,3
05d801e1301a13aefb94b3c77a25ea3342d46201,1,3
7117b6197aa6f69f6b8b25f9452e875c9051046b,0,2
85dff5fd239e627f05073329d3521175ccb3b142,0,1
89ee88513c0012a776afa5d7dc5af14e01e36852,4,6
fb9f3ecf79a8a908129432100846679650b88a66,3,11
2f5bffa3eae6f0f721e7e4e8e928035cd4b2484d,0,0
381f0f3f0876a953e274606027a8e2be0633f10d,0,8
a1883824126d829d9f50baed3b23836411ced0b4,1,1
f9093f01b6ffb1c3f68a9a9646f97a778f16c605,0,0
017eddb484f8697d7dd71c7b6e13008fe91d9bd0,0,0
851fa4bb4f372e3d63ea69fc3077ebe1274eb135,1,3
298a83271af5fed122e793898c3abce4043ab8d9,2,3
53fe4b2649cab344f1d3cc68af9aa107d4ccf362,1,0
89ee88513c0012a776afa5d7dc5af14e01e36852,4,6
43c8ba2ea27264f42fed4a96c9f4d24a54a97f47,4,8
40d2834d801df2d778d8d978da28615d39bedf0b,2,3
a1883824126d829d9f50baed3b23836411ced0b4,1,1
6a7139566b555903daafa2913d10431a5f02d704,0,0
18913f62ab5f1f6deb9fe972e7e9ad8e701fd938,1,2
930fa4efb4d59b021b69321aaff164010f081c51,0,24
dc672c6488cfeae62572a033ea88e7f5b296f2c6,0,0
0a2a82821ec12d21b2cb4f2a24cfd0bdc4152012,0,2
070aac7a7d5ea90936f601619ec35eeb8273715a,2,0
d0d3d5ec51a4615799ec017d70de75b7dd52a886,0,0
488ef2e2369f8d08cd25e9bad0a817e6f3f6522a,0,3
cb8fb55dcabf27319ae2c03d64ec108e85b78e39,1,1
577f51c9c2270f50c4e025a2038c8a75782b0499,0,12
08b2314193830143bba3f99b05b3111fb11fd3f8,0,4
8fa6af04335a27dee0ed1e754c88d8cefcce1dab,1,3
2db48bda09857f753dd4fd376ee6564ebfd5860a,0,1
5c96ddf0852dd1968926220d545cdbff36db5af6,0,2
8fa6af04335a27dee0ed1e754c88d8cefcce1dab,1,3
3a44c6957f6c66427645c7891dee6be92067cdb9,2,8
18913f62ab5f1f6deb9fe972e7e9ad8e701fd938,1,2
e16cbda7372d0974792eb0b9eed2bf8bdb192370,0,3
ba305476cf9618010985962b71af6c4076874331,1,1
05a0ce9755d044557d97c48103d02bfb6b43c1a0,0,0
395d93bacfd077a5c152847961553390c7113167,0,1
58f1db59f646be975372ea560b060b55907aeee3,1,8
2a7fc1aa0e2bc3edad3291e96a40087cded4da03,1,4
b73b23630ce5cd7f78167524a2dbbf853ca879b8,0,0
3a44c6957f6c66427645c7891dee6be92067cdb9,2,8
dae1c81e7ef32f3131c3fd3aba88d41054c62f7e,0,4
42fb85cd43fa65b1cb59f09e932e7a35cb527b8b,0,1
cb8fb55dcabf27319ae2c03d64ec108e85b78e39,1,1
ddb044d94a922faebe137114c59dfe2f667afb04,1,1
0a26d3100602d023557880bb00755f7c9f2dea73,0,0
414f00faf443163a78734076c246f59442447d79,0,3
a80435f151bc4bec0c75a5aa4a6fae76eda2fe1e,1,2
ddb044d94a922faebe137114c59dfe2f667afb04,1,1
e73dd2e5359732363fa0842d22850c66d93d1448,0,1
db96f88659882e188cfada382bba834183779731,0,6
9d1c448bb828d344aa773a66eaa60ac6bcc1dfad,1,5
d190268813e7e65b09a744158fcfa65371f5a28d,0,0
ba305476cf9618010985962b71af6c4076874331,1,2
434250d66f9b10845508ce70e2b6bfe766fe0084,0,0
5f2ffb234d262422138b32efcab0f2adebf58d8b,0,3
077fdacc2ddc7beb7d22ba96ead8b400c91b3631,2,4
bff61103705929276deff2e73e8c305ca160d660,1,0
05a02110aadc81b70ed172c8c93141c4a87df8b8,2,1
298a83271af5fed122e793898c3abce4043ab8d9,2,3
4213a8d1e0a8832acb4c346fa0d16f5750b21986,0,2
d92c2d7252b1acb79c87b9652ce1d78040a49432,0,0
246ce028e6fc5a6a45086a7d4e51ac9c08f0247c,0,5
ef90e2838b6ea55bbf9a0f4029c051fdbc9565e8,1,3
01c267ba328612d7b6a624b30be98b6b42f28d9c,0,0
220ae722cb8399a271d1b39aee3372a4e21dd806,0,0
e50566aa00e42cfc459d27eb3ac13934ce5535d8,3,5
b4d2d511d180621efcd49ac1dfce05945d6de80b,0,2
ce99912aaac102446f2115c81b5f04ac844f2f21,0,0
fe2ceef955227dd6b7b753a53310552ab12938dc,0,0
403d9f7a6eda0c5ad262962e818e89b8afa1bcf4,0,0
ef6d4e6f1bd780c46164fcf152fe7e5450f7fc42,0,1
dc0d10c46af477e3cee03e15c97b9934ebcf90b3,0,0
b40092c467e03e4c6d251372464282d7e605a035,1,5
27530b87481feb514cff016a8ada81e45b335308,1,3
7aa8052a62112a7b7e264c8b88fe6cee8003d344,0,2
2a5717c3531667703e6c2e42db54e992208d0968,0,3
cf6b1ed03cb104262f03d015d8ff8a1d206e1c06,0,0
b20a83b66c6e98ac0a6095fee49e78a0060e3d10,0,0
26d1e2e07d667f376e024a3566e4aacd92455254,0,6
450eb3f936b8d1ed3796e3005e7cbdd26145c268,0,2
e71ad296d40ccb8be3819fd274aa5eadbbce3994,0,0
c8f5905183d254ea22c83009dfd2e6ca8dd5e704,0,0
51bff3dee0e836aa42b57a0b491fe4133e333747,0,3
bdfc99af09c6d362d35e28a2c40ca1b0fff15dce,1,8
87c3676453639171c53f1107ebe50b024c66fb27,0,0
626c00280b2e8c34577d6df55569be90c883a0f2,0,2
26f6abea7c083a3bdbb9fbc384ebd4bbdd81f97e,0,0
bf09514de65bd6d2d781c64b50dea37a230458d7,0,2
a63bb99c84a1f3ac7b27ba7423fd447127e00d78,2,0
a63bb99c84a1f3ac7b27ba7423fd447127e00d78,2,0
0c96007c0a7e7cb317fb6296e180bfe3caa46c9f,0,0
ac3cfd030bfd47de1b86dd157ae27abc27137ed2,0,0
a63bb99c84a1f3ac7b27ba7423fd447127e00d78,2,0
11d90a17bda0f4df97403fbe4c0ac2241d47c17c,2,0
59fb18589fa197777887db3df198774757fa45f0,0,1
1797af8e3bcc6105563b337223e5257abc97ca35,0,0
382bc70d38cb28f00144355508e9822d32e3a73b,0,4
2f0dc35686a780f63f098250cf7c755141b953ac,0,4
e586da37ffec97d44d1a2209988fb5ced0b6f0c4,3,0
690f837293fcb9a96913e8b080a4a0050f3c941f,1,1
2b380199a00d53c70b6e317ba99950a3d2310f73,0,1
690f837293fcb9a96913e8b080a4a0050f3c941f,1,1
9f9695807feea0f7e969313a78a02e5b9ad92abd,0,1
5eae7e48772993a1a12ecd5a40bb04453d13656e,0,0
25b6858741fea4c8b84c7889d23061109aca5108,0,0
a1ef245d00e87c6672ae5cee7167b24647daac1b,1,1
bf58c52378ca070dedfafece84a9401f5f17b3de,0,0
177d5ec5522d57d4a65b9a9017a16022188cc246,0,1
ea8ccb39c73d4f977592eadc5bd3a64c0fafdcab,0,15
e637867da6c9ef8a7053ca280b914d60fb96755b,0,0
cd4c5cac970e2db631b3c7f11f336c9badd2d835,0,4
d7f7b67dee86be1a8b30d4681910883d4f4481ab,1,1
079c27b00713373de86a0a35161f0e0df108a52b,1,1
0aaebad475488f7b577cffa36b270573d7bce29b,0,0
141c3e919f4263dbf140f23e95a86abff6f41eca,0,0
079c27b00713373de86a0a35161f0e0df108a52b,1,1
d48488624d27062b54748539d3e149e5064d761a,0,0
d95fedb55e3fe14def17efa8fea2764a38c2ca72,1,4
01f65eadaa45ff8b718805b3cfcbc60e3c04946a,0,1
456241c1624f549dc0b1453114b2fe0143ef2212,2,4
79a330ebfe8c3df4ee057726e0e4029675d4e870,0,0
43c8ba2ea27264f42fed4a96c9f4d24a54a97f47,4,8
456241c1624f549dc0b1453114b2fe0143ef2212,2,4
109af28c9a23244534fbd14fcef64eb92f6d1ed0,2,3
109af28c9a23244534fbd14fcef64eb92f6d1ed0,2,3
0b45ab51cf440754464be00fd34053911415e619,0,2
6d856b680026d6df99917b9a648c0b5d5b8fa4a8,0,0
e3b2ab2264d184fafdf347d2ac3cca59b7b9c0f5,0,0
4893461482d8d04a8d71310d73c3a870dc042f76,1,11
28d3439f6b923d83a3da8afd2a4fd82f044440eb,1,2
e586da37ffec97d44d1a2209988fb5ced0b6f0c4,3,0
65874f56686975edf7cb3723024ce9a87cbbd754,1,2
4134ec424c7e81ac379c697ca79c61a999812f14,3,10
7a8adac4efea6176215ac0fc9457ea66e7066685,0,0
11d90a17bda0f4df97403fbe4c0ac2241d47c17c,2,0
554aee1c65522102d31f253e1f54ce930dc7164f,0,0
edf5f6602563734376f23335b87640a5cf12abcb,0,0
3a44c6957f6c66427645c7891dee6be92067cdb9,2,8
51a1569bde2e2bd547463c157594888757b50b5d,2,7
ab13b2a7040b4a4f276efa1af05f6df307f5f249,0,7
5d797b287fc1aea0ccd11a2ae2244b923ce63250,0,7
2a3c71f6d058bb67900b9e430772956613995a22,0,0
5f7aa46dd794877996951f169071b241bf90b928,0,4
b8cd026d36ea283814b3fa66f1d8149dcda44cd4,0,4
e486650c503a23d864555a151d55de41a4637547,0,0
78b08b5b9c7cb4cce8d186003b57f94b7191cb07,0,1
0ef029e3bc463e1b5189362ca85f767a8ac3b18e,0,6
6243cec2624540d7649956bcdafcf37df21cad5c,0,0
90276f357e40be312283223832d48388eb44b5a7,0,0
6a4a4f4a588a3aee6041a3fe0141908dc3133148,0,4
0255dda5221851449b1a5b7b6d2fe5aff51a2780,0,2
6582752a201777c4b0fede2ce63aa1e0904bcfd3,0,0
e3f7b02965ace732bc64689575822a5ab81ed865,2,2
e3f7b02965ace732bc64689575822a5ab81ed865,2,2
e3f7b02965ace732bc64689575822a5ab81ed865,2,2
694a8760377b5517958bc3974bc63b5d8a14a35d,0,0
cbf99ec7e6eb1c627dae6af44931998eefbca59c,0,0
67e25a0c21ef3cdabd2d03541f4678694c5af6cf,0,0
3de6c7b7769587d972ff45be75656c079a4eafc1,2,3
9ced996998acabe7437a12b7983036000a7608ef,1,3
a30704f6db92de42495f286bc7cd4c2a3b56bed6,0,1
f5f92f9373da99e47f469cc8512978443bf6e57f,0,0
8763a117a656aaa79cadc311baa652b2b2a30838,0,0
d2c5e23bf3d0eb8ecefeeb6fdafed4bc9394636d,1,1
d2c5e23bf3d0eb8ecefeeb6fdafed4bc9394636d,1,1
67583d9be2926223d069ccf39fdb41111ae67c2d,1,8
61120e40516312949e33b08f644077cbba166f31,0,0
7c238ebd6f960e512725dfff0f4c57e9365901c2,0,0
d303aff3a8cded12cf943e391254ddb42a6f52a5,0,0
cd2d816a17c153e02ad196adca8f704688f1ca3a,0,0
c4c0a23090bcd76f44790d4eae78d1633e7bc2aa,0,0
21105b10c763d4e1f567b064bc64419d72ff0379,0,2
3de6c7b7769587d972ff45be75656c079a4eafc1,2,3
bc3d2234e62e15cbeb1ce51c0c0863a226cea24a,1,1
b385fee1bd1e38134f3ddf6e3083f44451df96ea,2,4
7317c2eecd1e1dec3536da59b65af00e409cca3c,2,2
7ace79be08f9b4a5dbfb03cb49da05101d03ab70,2,6
8ad5028643ceaee0ebc83fa25fe38325ad908ad9,0,3
c609376cde654af48475f6c40322bfd9a51450eb,5,16
aeecdd982fc569ef104c104f0988722dd2e0d99f,1,8
36bd6c9033c0fe0d5621197e8c4d653c4b6f3ddc,0,1
537d8f78153b6550736f1ed3f412f86a51fb2812,0,0
1cda9de96d08b96fcd4e589266acf5c5f3837f70,0,1
961ce3032ca8383c5a0b3d0975a15c439b38c16c,1,2
eddf636825a87bd2be7782971c0db306c6596245,0,0
6f23b7f8bf393826924f3755579dc546c044b091,2,0
c0ec6d151c58a92e93de1463dec383cc4cd03689,0,0
6a9100f4c75619767153985a9a126522c80abc6c,0,3
6413e5fab85464f6b59cfcf51665de4dc276f465,1,3
1aa7379ec8c57cb983ef4a17830559a36f55a23e,0,11
7fee69941785613f7eead4bf7bab5b0a650ee744,0,13
428ae436af374e9b5b168eafff3230603ce71fa1,7,1
480dae7f647c1b29a7670434724ec964f402a485,0,7
adf226fe888c0c234e0663de522aab01d59184d4,3,3
32a64a6e22a582d7fe4312d41aa285496153c96b,2,3
32a64a6e22a582d7fe4312d41aa285496153c96b,2,4
857c2b91b21e078877e1848ecfc43c52621921be,1,1
6f2feebec202b02149880a9f702c6a15d67bbfb5,0,5
6413e5fab85464f6b59cfcf51665de4dc276f465,1,3
8a9cec3e40405f60ab5e91e3a5313180441818b7,1,5
11fe765ffea3f1094f6197727c34a9a768482158,0,4
629fcc424f7f7dce419b7c1ab3d8984a84c902e5,9,12
47846bf3792679ad54eeab1afaf0b77983393a41,1,5
7aac0582a177fe65f45e0760536c363409061a91,2,8
126d23a1cce792ae4b4288489b7def3d284fefef,0,1
fa7c7dae216d2dddecff7c756122d72516f93665,1,9
644813757d3fa9cf77c3934ae0e695dca4433585,0,3
237aa1b3daa407e8a52f44edd73ffc6f16dfb12c,0,0
cd558a0536a9bfafccde349d95cf7e9fdca07f91,0,0
86511a5915b2031fa1d421f1e537be09193b86af,0,0
e1d3ab08ace87e735b7ec5521c77d82dd1c315df,0,0
b1e482b45804f92d23f4236daf5d7936266ef0c1,1,1
d94f1530f5594d9e4083fefe4ff36d34b64c540a,0,1
653c8a98d4e94ad13942599a1ab7d2e64374a7eb,1,0
ba68c09765d1cf7a7b90fec4c78924243210b1dc,1,4
2a979fde87f4f443444442e6e4f6b0d35d0af684,0,0
06943e2b2bc4cf84b2b344fc1e24e2d4091ee743,2,12
06943e2b2bc4cf84b2b344fc1e24e2d4091ee743,2,12
880054274d9a8450f34c51639570f49e2178b5c3,0,2
0bc18104f86962679565d7d91165bc85d8459852,0,9
c609376cde654af48475f6c40322bfd9a51450eb,5,16
548e031dd9b51c4d91eb8810bd0d67ac3fae9ca7,0,0
35f233aa09b3edc97723c7f6e4e52c50e520f3fa,0,0
7402fde22be7e33c1c3d7c05dc0c2274d4f61e74,0,0
05a02110aadc81b70ed172c8c93141c4a87df8b8,2,1
4f6500ec7a581e35c9386f22ec1b467ab4689191,0,1
830f59c86131b7385eb73b0c2c44067af7bb493f,4,4
9818ba82117da912fad0e80ac6a905521618597d,0,0
bda81a4add5b793ee140ac08789e049285d00fdc,0,0
6269698cae437610ec79c38e6dd611eef7e88afe,0,1
2a7fc1aa0e2bc3edad3291e96a40087cded4da03,1,4
7317c2eecd1e1dec3536da59b65af00e409cca3c,2,2
43eb3ef4863c94b1e060045f9ca3321a3111a834,0,1
16b5a3ca3669f48592e64bd23704e72fb5377ced,0,0
bec55f8c42430221838fbd18a91fe652e2408dda,0,0
0c6c0a9136547cc5dd18a16d9ecee934e9f7180a,0,3
bc5c4fcb6539851616eac13825a36351e9888797,0,0
05d801e1301a13aefb94b3c77a25ea3342d46201,1,4
c9415ff4ae25c86142e7a281b1585be3f9ea1196,0,0
cc13ea51dca01e27a360d6bc65559afdc4cfa3f6,0,3
bc3d2234e62e15cbeb1ce51c0c0863a226cea24a,1,1
76be2a78f47178cefb995ee6a19aaba10c53a8f8,1,1
597828b2ee9b2ff3a0c44d3953b8f5c4a83e54c0,0,0
2c7715cf0476d504475cde7b5e23c4bff677036b,1,2
a1ef245d00e87c6672ae5cee7167b24647daac1b,1,1
85386e6436728bd6aa81085532fc86c1bb3217da,0,1
6a335abf36a0806438c35dc99bac3900cfa42538,0,0
6c6cfd663086778ae2da481e1149c0344a5a2f81,0,0
76e2ce773050429564a538e7f3d4fe0ae1b040ac,0,4
0512062a6a9b97ca0590c08405c28dcf1d1d6455,0,0
bae698a58bd34db0ef5b146593e6d35d884143d4,1,1
4b39b78e4afcd6c36b385f5c46f1d9a4eac2e29b,0,133
5636ad0f93164b431dbe5d60e337baba02ff107f,0,0
2b0eaae7f523a4698fad60a7b609904b54c380f5,0,0
9ced996998acabe7437a12b7983036000a7608ef,1,3
b16160e5ab0fd9dc3aefc6824f55739b40d3a986,0,4
0e5c46359db26a75b09cfd6abb3f9ec9798d98d5,3,5
5b34fe8d30cd203ef331f4878b3fdbe104fc0ad7,0,0
020cc975800a65cf2c3466b57ed91aa4502f554c,0,0
d6a0e59d96520b7cff46556bf3d44937343946df,1,1
b6d8f826b71b6489b636b01e3da8c26833ccb117,0,0
3ddb9e0a6e2ff0f0d151ba64aa1cd62fa0035fbc,0,0
556b8b7959b6b275a71c65f032866a7315b304ac,1,8
3c5346823d62068ba0d181c237460cda711e6b0e,0,3
6bbbb531268da67d71d86a56c4b32b81d4806fca,0,2
d6a0e59d96520b7cff46556bf3d44937343946df,1,1
f9799d44dbec3aae6acee8b929ed7d69edbccba9,6,13
ef90e2838b6ea55bbf9a0f4029c051fdbc9565e8,1,3
6ac018b432e7ab975bf0fad6d525ea887c7a4ddd,0,0
b521028419d4f9bb271bf259f9100388960e4398,0,1
dc2b649e02ed2a577ad884c0cad93bab84038fe4,0,0
9422c4518caf1bfd7df82b8109972f334f22e2a8,0,2
6c19393f40469e20de3e43355691ee643202e536,0,1
7e757af78a28e586ab4683d44d147408c2dbbb2b,0,4
f4fe97b93cb166da459d1301f4d11f0a99d6635c,0,0
ec81fc65253196716428340addbfafcddd3d2b55,0,0
851fa4bb4f372e3d63ea69fc3077ebe1274eb135,0,3
b1683f5dc56ef750ca468995eea110b2a260cb6f,0,0
a7639aa39f6ce9a0e0069285c6d433414b683511,2,4
8a800e6af7d905313a332917ae0ef3ad31daa4c3,0,4
f4926ca51f4d1cd71ba334758592215170db02f4,0,0
27530b87481feb514cff016a8ada81e45b335308,1,3
bae698a58bd34db0ef5b146593e6d35d884143d4,1,1
fc54b2d3cb790de3a4a7df4640bc76739b58eb3c,0,0
0a6c0523782b9aed842a5161ca736476db33e817,2,2
2dcab10b9cb9796fff94a0ce9a52afc6cc2c7da4,0,0
8d7d772f610fda49addf6b28661ba675f181ad17,0,0
0a6c0523782b9aed842a5161ca736476db33e817,2,2
11d90a17bda0f4df97403fbe4c0ac2241d47c17c,2,0
64a827d8a4f360acdf4a92fb6caa1c481096c63d,0,0
0a6c0523782b9aed842a5161ca736476db33e817,2,2
7f6050422d7ec52a22b21e29e799df838376c23c,0,0
5a114125362bd74415ec59d57fac874896460ac1,0,6
fd82bef27f0a974dd8ac019ca1205fe989ffe840,0,3
94bc5c2c74adb7f034855bc4a362433bd2523294,0,0
18ac857a645d796a9aa9b6e64aef464829b7ded0,0,2
0b27086b5b8548e324d35289a512eb2080ff0148,1,3
33c1d064ab25b270441b46f568a69f85bc98a2f3,0,1
d1702bba3210dd85d785a02171670c7ddd30f69c,1,1
3568900ee781c16e602fd95e17ccc0686398486f,0,0
9322cde80ab049826a93da4520a30dca25b9be95,0,1
1381454d663679fc25eab2eeff41a0e15a60aef0,0,0
89dcd2a148e152898d542775a99d297b923c69b0,0,8
9497bb6afb63bbfd467a17dc15adecaf14f754c1,0,8
1d0eeae67c609a9457e2c3e8904aea453c2fbe7c,0,3
6f23b7f8bf393826924f3755579dc546c044b091,2,0
185d7345946c29a2a4e2726c912be0c4db4810b9,0,178
d6efa60c7ee1aa4396052e8505dd5b3feb8e7fb0,2,7
d12392846eeaec32720de4133162131ed59bcdd0,0,1
2a837faaeaa59c6a475127ecd95d1e13beaf5a12,0,0
c609376cde654af48475f6c40322bfd9a51450eb,5,16
1bec5efd35491af6bc413eccf7593ba0ed4679f3,3,5
0a8db6ff37f29af45e648d1b29d474b2d3416a39,0,0
428ae436af374e9b5b168eafff3230603ce71fa1,7,1
c609376cde654af48475f6c40322bfd9a51450eb,5,16
7ff7cbe88569c6e7d6f3c7daef364992437378d5,1,1
57a5335eada5dd8e057a07387689c1c75becc844,0,4
2e3751c30f50e5eab9a2c03ad6545546c09e460f,0,2
f6ceeb663326f5cfb4ff322b6d4b70a9ebe0d1d1,0,4
b3f4440dc1784d14793efb32a4b3b6c4e17bb370,0,5
40a9df31e50fb7e30d4a250121c7f7a24d6ecd04,0,4
21de9b0a7a9c639afaf9d4a8955d4fe642bf8c3c,0,0
d2ddf938092bfd226f73cb63a61494a1d2dccec6,23,23
ab3b138ecee59fa168d180d26df80e98947ff75e,0,2
4ba8a1a01a4a06cbaa20d2a0b40277622f8a2623,0,2
1e9d59149a888b900a34be7d95ffad12debc9caa,0,0
a2b05884694a1963eacf14b25d2ca3ffc6333662,0,5
5aca23e646951d3b5de5f7f411a871e34b4b5b72,0,4
9497bb6afb63bbfd467a17dc15adecaf14f754c1,0,8
ed638e22a5b9eb4aa60d98c4143b296ebe49c86a,0,0
17eebe09deba27be5b44f173f87e2d02e7f18c4c,0,1
2b0d4e8e8b291a9a225ed199d6e1038dfc319d3b,0,2
6588a8301d897b4790b6f4a42d8426c6841ab193,0,1
9ba3c565b6b5a7d7876b5eafcbd2bddaadbc10c4,0,0
0cce777acc42d40ba312c875210d2a318549e760,0,2
20cacedfe47a0e0c48e1bfcc6e280f7355482cb3,0,2
6f23b7f8bf393826924f3755579dc546c044b091,2,0
7ff7cbe88569c6e7d6f3c7daef364992437378d5,1,1
2a981113dde93f87a44480c35ad667546dbf5272,0,4
830f59c86131b7385eb73b0c2c44067af7bb493f,4,4
830f59c86131b7385eb73b0c2c44067af7bb493f,4,4
b9df9cb0b6c3d522657e157fd86fc5bc420ff620,0,0
c1c8c760d9f09067c54a639726afb2577ed52746,3,6
cf2a4104a4fc137597ab667f5e274350aacea030,0,0
c0546e44abe227b389f63e29a3cf00ae9ed8345c,0,2
458ee7999699b3489684178605c3f8f55294fd63,2,3
c47ed14696aa03de7ba9e23e0fb037057aa58708,1,3
f24233f86c8d26a95a1aa2d563ac1a0051949d1b,0,0
8aef7ae90d4cc0bceadad5ebbb8a68cd5e5e822e,0,1
ff4ae0eabfb7750434a32ab39c8504592ed2d6c3,0,0
8bcfdcd7a5613d0afc48930fb453f9a3fc703aad,1,1
bb2ecd3557bbca47196e5d49827085df8aa5be48,0,5
41a3d081e2e4d9b4f48477f5dcb74018d56a420f,0,3
b22311f7c82e3397645f23794c28f85010513757,0,2
5b0b66423f48ae1395407f972dfb9d44d39abefb,2,3
1e8f534ed04ec487e73d49086761db3bec260276,0,2
159b7bed7200292852684a9741a4394d5ec5c326,0,0
9b0dd5dc979bd490ae34f6d790c466b47c84c920,1,2
579425b6336f4132a9b7579c281c9142cbe12f14,0,2
8bcfdcd7a5613d0afc48930fb453f9a3fc703aad,1,1
c16ffe2922ebf09ca9e50064058c4c3debac81d9,0,1
0bd8240dd0a814c6799f1a95bea1ebfa67799414,1,1
5dcc05a50760698149e1177832ab5a0c457e33fa,0,0
33dae3f95ffbb23a5c660183a3a2284f4cd3cdc5,0,0
04f5639bc143d6d7a6e30080d20467f43c0a1fc8,0,0
ea29f5600108947c6ac3193abe8e3bc3f4a74de1,2,0
d938a3e7e8d7437a56ead235b254ab60ff537834,2,3
d938a3e7e8d7437a56ead235b254ab60ff537834,2,3
aa0e98fb4614ee6660add20a8da67a146c55c04e,1,1
ea29f5600108947c6ac3193abe8e3bc3f4a74de1,2,0
80e8abac28117bbb3eca0f3d6ab87a6f6923dc61,1,6
a4b6099bb254793d9da25bf0472769b72987d182,1,1
8980713f22531606075a9990b9d8986bc6c266bd,3,14
80fe13dd0d9c5a4ed08444df5701866928abec87,1,0
458ee7999699b3489684178605c3f8f55294fd63,2,4
b61cc98e5dd4e14c43cd4fd1afc1735b8cc98709,1,11
565e19ebfc3cfde3b927b56b637320a66d722d0a,0,0
80fe13dd0d9c5a4ed08444df5701866928abec87,1,0
ea29f5600108947c6ac3193abe8e3bc3f4a74de1,2,0
244c74fac028dad2c57af2fe77ecb32a09f54ba9,0,8
1499e50dd6e1dfd536fc158082cb0977aa0b56af,0,2
b714206282e064ef4e839b35a8063c165aff9570,1,4
3d7f8f314add1a48312b225381b2b7b105b7367a,0,3
d72e98316a11281edfcbc1e5cd8161121db82574,0,0
aa0e98fb4614ee6660add20a8da67a146c55c04e,1,1
8b50ce9cf46c159a74307b6d6dfd160cc2018d46,0,0
f5a2f3b130f3b094c388dd7975e132fd87b15647,0,4
eaf53f75d8a9359338967455b424f543174a054d,2,2
e1a23e66fe19364f34c5d60a9d6b912d533541a1,0,1
d2ddf938092bfd226f73cb63a61494a1d2dccec6,23,23
c9566c2a92d460c05282544cf12c9908163a2b93,0,1
c4ee5e86838f33824c2abc843af82adb1355a935,0,1
3c2e3f2445a073979be41151ee896a890b8c4e6c,1,1
766e555c05baa2675ccebd5173c5a7ec2585c6c6,0,1
7ef2b3a01687648d7cdeca1498551426117bdf84,0,0
8591e09894abfddde84b0fedc515bce4276e4f80,1,3
a09ab966784ac78df9b1d36479714f7514d15d9a,1,1
4da74e5a4ec1e69942ee7f8b1d532d818ff4ebb8,0,5
d46fd5c84f7c2a3f7446e425318420507947d475,1,6
981b14d3cc7b2590f5fe55d526e9d901f5faa5e8,1,2
dbc9125f3a406b574bc075e4e49ec231e4875ed9,0,0
52b887dd1b6a11f3a2d02eb592a718fe575c6962,0,48
6034361e934813568321601e3d747786f18129fa,0,23
0c006c1e1bf290cc758ac066df3bc12e2136f535,0,2
ede4dc8ef3ffbcec2400557b8579c37330dd67d3,1,2
41d15510cf3ba893e1a8254dedab995ecc43371d,0,2
db3a13ff8809837fea850ee783309a3b021e39eb,1,2
eaf53f75d8a9359338967455b424f543174a054d,2,2
4de19a5ee1c27429f8f046bb2fb1c4c792defe4b,0,3
bf81b595a77f0f7f254872be6f05a063c44528d8,0,98
72f6bf9d91584fdcf1bc662c566fea710c8a633a,0,0
4f4c6a07f52fcce59a62886e1ce6450484696967,0,3
78fa86f41e1744a994c8ccbb3af0550eb760da24,0,1
8479f844ad6629dd85623808eaa977b984fbddda,0,0
ede4dc8ef3ffbcec2400557b8579c37330dd67d3,1,2
2238fbfdbda5535be5bdcd5d7326b84fdb33504b,1,1
981b14d3cc7b2590f5fe55d526e9d901f5faa5e8,1,3
edd3f7cc1395ec197e329629550cef52b953f7f7,0,7
51cd8ba4b0e86719def6d6b5921cf96ba1667789,1,1
78185153be818bed63b350b52a145d270d9b84dc,0,1
51cd8ba4b0e86719def6d6b5921cf96ba1667789,1,1
2238fbfdbda5535be5bdcd5d7326b84fdb33504b,1,0
3c2e3f2445a073979be41151ee896a890b8c4e6c,1,1
87332ae7c08c76cf950efb6cb739137744ff561c,0,0
7bd2ca057d826aa007de54c2449dc3486ccd9fb9,0,0
d2ddf938092bfd226f73cb63a61494a1d2dccec6,23,23
a8de00080a385deaf415cffc24d8f3c95c07a540,0,1
aeb9a61f6f30d7fcda7f631598c53b224aa19881,0,2
d2ddf938092bfd226f73cb63a61494a1d2dccec6,23,23
d555c920fa268cab51052570d0aec73c95ea019b,0,1
72703f338524ce9fedc1e9b07944e3f8dba5c0c9,0,2
6bd8f4c604700a9504bcd9aeda210fc8be49f249,0,11
c830e322a62d12ec983ec06d48d79110fd8012cf,0,0
147cf233145e67057b841f316cb2cd526d5e6543,0,0
f4847b131e1802ef995f45f27484044476b9d33a,1,2
875678beb5e9b0927b8b26f7f23362a2a88069cf,0,3
aa42800140ce7b3c2dd1472f2e51e00c138a05bc,0,3
b355561ffd540be909671c9cb53be6a1346f097d,0,4
c4919c4172cc9385354df1ff92bd37f2596a5dac,0,4
76be2a78f47178cefb995ee6a19aaba10c53a8f8,1,1
91d19f9fa66d2f6cf275d38c66fe27c48549ae02,0,0
81418d6160592dd50775df41bdf2a88a33f342a2,0,0
d6efa60c7ee1aa4396052e8505dd5b3feb8e7fb0,2,8
dc93905798db8ef1a096e0c545c0ae9865270618,1,5
6c1dfeea4f6692fbc5e9df4f71ce42f779200f27,0,3
1cc550b6134527620aa3a2c1ab6fe820419db1a6,0,5
0d4500154cca93b127f04a304704af2446535d61,0,0
41aa7e75869f996a3361dd6229823af8e165ae3c,1,1
e669157eb93ad8e2400f9bad6ba9a2d1b626b8f9,0,2
eaf53f75d8a9359338967455b424f543174a054d,2,2
6701a9e7cce8e0d2f9b5d1cf6d8f1ae34a2deedc,1,2
41aa7e75869f996a3361dd6229823af8e165ae3c,1,1
908587433d6b229fbe27ceaf1997fdb301a6dd1a,0,0
462bce4b4f126e79b7e1084aeff985b70bebab41,1,7
80e8abac28117bbb3eca0f3d6ab87a6f6923dc61,1,6
bddca154e33a2cae5c88af557da6b95feddec358,0,4
eaaa93ee9305a890991d5471a36955c7a74e3526,0,6
a746c76680cb0224d08578402639a7d61741febd,2,9
276f5497df8a08d78de99ab04537b3f9c9119d3e,0,2
e1c1c9a229d40902e60d703f6cd9a17cecc213ac,0,3
3c7eaa7774a9133cafd5d6b8abc896770d83667f,0,2
8cacfb7e7771b6b66d62db6c5a4175e765435e7a,0,0
adf226fe888c0c234e0663de522aab01d59184d4,3,2
79ff33072c54124ea7693a66bc26244e604a6ebc,0,2
d6efa60c7ee1aa4396052e8505dd5b3feb8e7fb0,2,7
8bdc55ce4d916f8a8fe4f541b19b9bee8fab8af7,0,2
adf226fe888c0c234e0663de522aab01d59184d4,3,2
428ae436af374e9b5b168eafff3230603ce71fa1,7,1
428ae436af374e9b5b168eafff3230603ce71fa1,7,1
00c50122491d3f5f2de090d9b65e7b308cba53c8,0,3
462bce4b4f126e79b7e1084aeff985b70bebab41,1,7
9b131081b1a1b9e8a228900a53ba1a718d60bc9c,0,1
36ccd643440fc78c734b6cd0fee95be2bc61414c,0,0
428ae436af374e9b5b168eafff3230603ce71fa1,7,1
5e0a26ed248a13c44aa66e48649f3958f178281b,1,4
82adb112722b1bf5b5301360651beb051b01f94d,0,2
67afbbaebd693c62fcd63c88063d67b9056faeb0,0,0
bd69b33a8d11118e02830e8a29459af15f24cfa7,0,1
e38c3262b82928b05680103cfd030baf05c4a201,1,4
ab517f4ee0bf7d387026784ef81989b5df225297,0,2
428ae436af374e9b5b168eafff3230603ce71fa1,7,1
c684923e59e9cc190a7cca5e9c6cbe9cd53aed6a,1,0
8a9aca1ac5a2c0c072f80264e3226742d357c19d,1,2
a360ebd5208970ac8fab1c0a4a827064fb6a6469,0,9
bc633dce965266719581d079b276bc8508c5fa83,0,3
7479e5df5e754c75ea5abd612ef64ec79c87078f,1,1
172fdeb1ce4c43c096b85ce5d924b1f64c82fc01,0,0
7479e5df5e754c75ea5abd612ef64ec79c87078f,1,1
50e50bebc6dc52377c790bf43ea64744f54c1c01,0,4
d68472b8921410d240366a6a68f50a563a41ea24,0,2
f1d97c6d0bf72f2158fc7fd10f666aeb966089dc,0,0
cc33dcdfa6f6db9a7dfcc109ffc26b1a3cce505f,0,0
bf81b595a77f0f7f254872be6f05a063c44528d8,0,98
9497bb6afb63bbfd467a17dc15adecaf14f754c1,0,8
e1b2aa39bdbf7a66984cefc2095b0ca78a42e983,1,4
9aaea7611ffe471d1b3ba16b13673ec0a0cfd846,0,0
5b0b66423f48ae1395407f972dfb9d44d39abefb,2,3
e38c3262b82928b05680103cfd030baf05c4a201,1,4
88f07fd5502268c7f0dbd88053dae96e702e4acb,2,2
428ae436af374e9b5b168eafff3230603ce71fa1,7,1
e2057222ac741720f4ef32bf7579e9279b1b67b2,0,3
020f1c4e9ae530fadc241256512e91e4d45a75d9,0,0
f57a2e08aa03425cf7e3331db5c58df4398da50a,0,2
88f07fd5502268c7f0dbd88053dae96e702e4acb,2,2
9097438e8103a64af10a54e0e6181b2e093a97a8,0,3
2415c3cefe474996042ef109f769b1f3b3ad17d9,0,0
cfa688e3d2af75d0fb40ab7bca621748cb278583,0,0
dfc64e27e5cdd44aa861f6d9ff0858642538f76b,0,4
8556e65052fecc70f3c25cdf8eb81b106b9c8d55,0,1
0a2494b8a68a47cc1b183b9c32b033e1efd624e9,0,4
61e9425a59107d52fd719e1d57a47db0e0a74701,0,6
8a9aca1ac5a2c0c072f80264e3226742d357c19d,1,2
428ae436af374e9b5b168eafff3230603ce71fa1,7,1
224b486bf0493ab115c2859218a2b52fc524451d,0,3
c47ed14696aa03de7ba9e23e0fb037057aa58708,1,3
d1702bba3210dd85d785a02171670c7ddd30f69c,1,1
dd7a757b9a4446bbbadb3acc00f187c3b85115cb,0,3
b6ce2db43894efc50d6333138b5843daab7fba69,0,0
0afa0b7cee7ceea6a99a0031232e30a8e414fe6e,0,10
830f59c86131b7385eb73b0c2c44067af7bb493f,4,4
cf6b19685e0a45325c1165b1d86940cd828d640e,0,2
717fe7c179d6547cf9e3cf5fad6093e39c8150e6,0,5
e0669b5d8a5d62533de688b75e58cbb52cf327fd,1,2
d4f6826d9149fb16d4195305b740709e0b74ea64,0,2
c1c8c760d9f09067c54a639726afb2577ed52746,3,5
5a956182474824ad113b126bfe9a4a2fac71fa44,0,0
fcac52707c78d8a0f7ade8975c8b67b023f7f777,0,31
f5ed5ac4d3a2044966ab4df90430abf48125a2d0,1,14
9497bb6afb63bbfd467a17dc15adecaf14f754c1,0,8
a01754cab46d5b4e410caf23e80f81c39559d7c5,2,2
830f59c86131b7385eb73b0c2c44067af7bb493f,4,4
c87ec4ac1f2cb168e47a30e1bcb99a526475ce8b,0,0
7f1c61b854850ca39415ce4eb44e9908a97fc5eb,0,0
67583d9be2926223d069ccf39fdb41111ae67c2d,1,8
7e33fac53e60342db118ecc3e7d9d52ea7e590ff,0,0
d91cf2ed22eda458aa8cd6017908440159aa5489,0,3
56b9a67eb569897bd4c7d7a26e7cde8b70d94639,2,8
6fa2c2dc70cb4f10a31a90e5b6deed9a064515ab,0,0
458ee7999699b3489684178605c3f8f55294fd63,2,3
ace1ba1118fcd26973f3e3e4907f0112c9cf6b0d,2,5
573328c7bd12c93dd37109852e3ac3732f1d7598,0,0
e3ff1d9461b4cafcbe32d5882e42042272a2e9a5,0,0
a1b838aa392e72b3854831c7bf71646b7d411fbb,0,1
c1c8c760d9f09067c54a639726afb2577ed52746,3,5
946b21d05890cc2d81cc21adf548388c81959882,1,0
259bd4bf63484848ab3018c1e014d028a832191d,0,1
56b9a67eb569897bd4c7d7a26e7cde8b70d94639,2,8
e056602e54eb31fc2fd8e75b867a9a582e652ad1,1,9
e1b2aa39bdbf7a66984cefc2095b0ca78a42e983,1,5
ace1ba1118fcd26973f3e3e4907f0112c9cf6b0d,2,5
a8723338ff737e74f1d6153ab9d1a6c298960c59,0,7
c1c8c760d9f09067c54a639726afb2577ed52746,3,5
a746c76680cb0224d08578402639a7d61741febd,2,8
f82211d1860aadc90b0e69c4b29b04131381ca38,2,3
7ace79be08f9b4a5dbfb03cb49da05101d03ab70,2,6
6f45a465938eee1a6ffd506c73f9c03af784b641,1,10
fc55e6973cc929b39a78bf47972224fcd77a566b,0,1
f82211d1860aadc90b0e69c4b29b04131381ca38,2,3
2c87c2f8305efa9f5a696c1956fccb89444c985c,1,6
ba68c09765d1cf7a7b90fec4c78924243210b1dc,1,4
38e162df42fddc6b317ea550d538591030b945a9,2,5
2989a1b9345e3ae58b2728caa28055e572cf3ad3,0,5
8c6e15a02fd746d67042f950c3df37396b6dabfb,1,4
a63cd1a759c353ea3779c85843accb450f2a469d,0,0
ea6b77e5b38d8f1099b7f7e6d9b873acfdf0ce2e,0,0
2c87c2f8305efa9f5a696c1956fccb89444c985c,1,6
db3a13ff8809837fea850ee783309a3b021e39eb,1,2
aeecdd982fc569ef104c104f0988722dd2e0d99f,1,8
0f9a9e9bfa39cc372d1ba746022c53f35c7ad822,0,0
e46b52945966488c636ceea0ca04d9c2bff01616,0,1
4134ec424c7e81ac379c697ca79c61a999812f14,3,9
6768ecbd16c05c6de61159a637ce1fa9d747daf5,2,0
5b0b66423f48ae1395407f972dfb9d44d39abefb,2,3
f82211d1860aadc90b0e69c4b29b04131381ca38,2,3
a2d047e4318811385efebf6be45504788b5398a9,0,8
4134ec424c7e81ac379c697ca79c61a999812f14,3,9
3479bc53d47215d06fde6a033593c9c4fd9a693c,1,44
6175988ea9bfe990acc87a722466873ab97d7ec6,0,2
a55b3ebfe642158d3769e8338bc6cd5b97ea436e,1,5
5025d0b38a3b76593fe46b5912cf4610c742e946,0,1
d4e313da2e88f266c2a52e0e89242db0916c36e0,0,1
adf226fe888c0c234e0663de522aab01d59184d4,3,3
793ec23589313251bdba08ceb1a3e17757ae2846,0,1
7ace79be08f9b4a5dbfb03cb49da05101d03ab70,2,6
bf81b595a77f0f7f254872be6f05a063c44528d8,0,98
fdd0bce1102e7b4f2c70c93e91a66e3010d8a096,0,3
976cd440fd00c0d2b01da4bfe4e7f787c459af86,0,4
974d2e657a076f8ad36e887a84cee0eef2ed1a75,0,2
fa7c7dae216d2dddecff7c756122d72516f93665,1,9
6f45a465938eee1a6ffd506c73f9c03af784b641,1,10
0684f55925612c6f80c7636d682a57455f76df0b,0,0
d0717185f75b442d0ce44210f0488066398bc586,0,0
4134ec424c7e81ac379c697ca79c61a999812f14,3,9
ce67502a470dac870b602baa41676f4dd7398a25,0,2
da2846c84c090c25efd74e6cb0ac3c3a145153e1,0,0
147c4eedb99ab03cc1f27b7ecf9af98a36b6f904,1,0
3ce1403d32c8ac7642addc1ce69f567c9803e54a,0,2
01e7b4eab6d73b6cd52c6a53e7d1cf5f08b13f59,0,5
c609376cde654af48475f6c40322bfd9a51450eb,5,16
0b27086b5b8548e324d35289a512eb2080ff0148,1,3
b0a124e2e8f488280ae682ed5375af982f47bcb5,1,5
b423189a39b957ddb3aa34a3cc769195cb0654d4,0,0
b0a124e2e8f488280ae682ed5375af982f47bcb5,1,5
56b9a67eb569897bd4c7d7a26e7cde8b70d94639,2,8
6209964873889eceb6a598f355ab69c3764768ab,1,2
453874377d80d6bcc2ea7121cbf162dca6ef3562,0,1
49136652bc71b72bf4f64f4189320e3e6f05f58e,0,0
b1914807cf0f8377dc3a92f8ee3906f3c12032c2,0,5
bcbee678bb731f5c635f4be215dd219a267298ee,0,4
6701a9e7cce8e0d2f9b5d1cf6d8f1ae34a2deedc,1,1
f5ed5ac4d3a2044966ab4df90430abf48125a2d0,1,15
e59f6b5f6e456f25ebe4cf387c03f8b33cba999a,0,1
ffdb88d83d72cf102ef3d4d832800ec326cd88db,1,1
bf73d604d6a164790d55b3b6b66667560c5d6fa1,0,5
7469ffda37e1f3833f89f675620eecdd32e980b2,0,2
8c6e15a02fd746d67042f950c3df37396b6dabfb,1,4
29189e7cdbae991ad80eb573dbd22f6bc626a722,0,1
10744024e736c428804831fb343624136ecba5e8,0,4
5d8b15c8957ba7e4ea43601a3fe1cb9a1b77ad11,0,29
a6564cb4caa407c8fc83e5bced84d1e69772f3e0,0,1
06943e2b2bc4cf84b2b344fc1e24e2d4091ee743,2,12
34e8c94f34e702b49d895f05f92fd385231f0850,0,32
0a09e2c32b8402bcc8a61484220cdb49858310a9,0,3
a2eb30330fedc21043fd850a1313132503e1067a,0,1
0bd8240dd0a814c6799f1a95bea1ebfa67799414,1,1
c684923e59e9cc190a7cca5e9c6cbe9cd53aed6a,1,0
ace1ba1118fcd26973f3e3e4907f0112c9cf6b0d,2,4
ffdb88d83d72cf102ef3d4d832800ec326cd88db,1,1
e056602e54eb31fc2fd8e75b867a9a582e652ad1,1,9
3cb8068f43ccbf6a7d105e3c5339099694afff27,0,12
89f855d76713b4cd25ac0830c719cd61c511851e,0,1
077fdacc2ddc7beb7d22ba96ead8b400c91b3631,2,3
c59f8c83e75e1ca9a84d934e0cee7611d2011f4e,3,3
fe0631032f828cfda650b18a28929313f22978a8,0,7
09ceea00ae53cc9c362fffbd6b917ab61c7cc538,1,5
b3c6f0a54a083351331bbbb41455989f77412c0d,0,0
c75b5d2bc3228c32f2f5b4f4f70444b9d187cb57,1,16
09ceea00ae53cc9c362fffbd6b917ab61c7cc538,1,5
d972f454851c329f2fd303ad35c19de92d3f337d,1,2
0e5c46359db26a75b09cfd6abb3f9ec9798d98d5,3,5
bc57d22f2a4ae8912d263608cf0a606fbbecd43a,4,6
4e50f63af0168a9def54a0aa178f83e476c5f304,7,0
60db50a4f55705edac3fd1f239a25470b48771e0,0,0
57110ef7bdd582184bca297dcb1315dffe00f52c,2,6
faef58ccd2b6d0e6f90643c8fcadee0325918a84,0,0
e50566aa00e42cfc459d27eb3ac13934ce5535d8,3,5
cc3f7f0fd218e8e936ae4a77a5d1bb3c7b38e3f2,0,0
c6f6043eaa8e1f9ce6e655feee2e4ca403f651b0,0,2
5cc97472e0931abc7667416df25a91c89206928a,0,2
2e13dca4f23b3559fe8790f8f26234e8aa40a6f1,0,1
0776ac25d22297376932a758f4894be0f2aa3965,0,0
be86544109f05a272ec9236340e178be9827d531,0,1
a80435f151bc4bec0c75a5aa4a6fae76eda2fe1e,1,2
cdb2de623999397c9909aded4deb88a9f3c46239,0,0
d2ddf938092bfd226f73cb63a61494a1d2dccec6,23,23
250f9b9e7a069db4c756bc463a7418da66597578,1,2
618f6d29c4f3d79b0e73931b9e499666c75f458e,2,2
f931ac0afde0b7b7508df9ae6d2cdd63c21be5fe,0,8
2ad080bca366ada946ad2100a90facbe28420c9e,0,0
0458b32bdd6af9961209ac1879fb56cfc542b1c3,0,1
534c79dd1c6fbae63bfb9652b82a34b2e1089ea1,0,11
768398cee49416b8f51fe2494ecc229e08ad8512,0,0
147c4eedb99ab03cc1f27b7ecf9af98a36b6f904,1,1
52b887dd1b6a11f3a2d02eb592a718fe575c6962,0,48
18029ebe619c78a159ee14c63d2070014a66cb10,1,0
e964e2c04c25299d30c25ea655801b565c109443,0,3
d650b2648cba0556c9876b27bc9ccc4d6efc0a7d,0,1
3c1336dc0073c6c2718d140280fe886206974873,0,0
5bdc4ad009abad763248001a6bf6d49e5a66c883,0,0
d2b36c06c4979c8610df750563596e88027c1f24,1,0
4f3c9e4a9068150f5e7aef399a583c3a034bec36,0,3
07652a93fb10ef5115e1346fd68576aa2e4cea36,0,4
d2b36c06c4979c8610df750563596e88027c1f24,1,0
10925711761fd86fc58d8e11fbd56503d31f72f2,0,3
57110ef7bdd582184bca297dcb1315dffe00f52c,2,6
25bbd0bfff4803bd324d195fffebc53b2819cf85,0,5
89ee88513c0012a776afa5d7dc5af14e01e36852,4,6
ce12792d475a4a1281a7b0839eba27156e99d619,0,0
b693187b0c66d28fa293c2bdda15fcbb138265d1,0,2
1bb814ab3329aea8c586a576280b50d51971be1c,0,0
6034361e934813568321601e3d747786f18129fa,0,23
8925c1f88aed92cbd4df8aceadbbe0aba89e1bf8,0,2
618f6d29c4f3d79b0e73931b9e499666c75f458e,2,2
08eccb629d3214301d8b37862e10e2a10939b221,0,5
facda00c148954b0ba32d859976fb0d72ce9cac6,0,0
10d9642a1f4c96047a876e986b4f2a59a81df763,0,0
1751cba4d3a2dde892ac8472bb5766819b0a2559,0,2
a7639aa39f6ce9a0e0069285c6d433414b683511,2,3
c2cacfe36f18b601b8afa0795270756e9eb4bae0,1,1
287ebf75be0095c79a3ca326a52ad5321913c6d2,0,2
a7639aa39f6ce9a0e0069285c6d433414b683511,2,3
875b48e8456c2861296f5be29a53c045dea840e2,1,3
b2335176959afaad7a48122608350edaf90aa030,0,15
477771d81a1201024c358cbca18dc716f2ad6baf,0,0
d6b5dcf3d2fa45eb5d114e9132b015cc5ca8b1a7,0,4
67e1dcfa91617914eec2e50c4ebf967fdd712920,1,4
e5a649c66b7788e7f6c53afcfd8947e2ff41dbef,0,1
6d2ec481cdad6029b29a3b3d217f23ab47e92588,1,11
fafb2c7d9bcc23e6d89acaf29038f3da31b88919,0,2
077fdacc2ddc7beb7d22ba96ead8b400c91b3631,2,3
d2ddf938092bfd226f73cb63a61494a1d2dccec6,23,23
2f9328da184c1d14020c3ae62bd1c39911752f54,0,0
d43df2c6787c439366ee7cad32b1278b770d1687,0,5
829ee6103f0b7e2472d3bea850a9a80efd9678ac,0,1
df749ca856553accb003805a09d61d6f2db5878a,0,1
1df1612e424bcbe23c2bad549e6c2c3e30e16beb,0,3
7e1bf18f9bb02439133d7e9a270ae0cd24d95a8b,0,4
a66ec63579da198f60d5c1de9667c69b2bd6cc22,0,0
56a61325e50fc9994f4b9dc45e317a629eefdd1b,0,4
5ef7d684e63bf741491c2de41352feeed0f3853c,0,4
d2ddf938092bfd226f73cb63a61494a1d2dccec6,23,23
b4f07bf7177050a9c7657da1d31b5f9f2e66e2d7,0,0
27c2e05ac36e38ea38a8e432e05f85096c929141,0,0
d2ddf938092bfd226f73cb63a61494a1d2dccec6,23,23
78c9bf39b95f7d24786f0d802f9a6354ea446b16,0,0
ba24c126c523b663a444cb8aa17421ab829eeef3,0,4
733da312471c3abab691d61eccee061962357e1c,0,0
a46d3f7faa2b0df14e323dce74d13bec50c4d6a2,0,17
22690af1c814042483964ab100800d8093860c6c,2,2
d2ddf938092bfd226f73cb63a61494a1d2dccec6,23,23
d2ddf938092bfd226f73cb63a61494a1d2dccec6,23,23
9ab29d596112d3a68fd33b80c5bbe559e5d903f9,0,4
3f4982a44c44421d0b84deff673fb58a07ea500f,0,0
d2ddf938092bfd226f73cb63a61494a1d2dccec6,23,23
e50566aa00e42cfc459d27eb3ac13934ce5535d8,3,5
d9644d0184044b3f3cdc40fd9323410e72b28aec,2,2
ba56ddeb3bce1c85878e50666c2b89c8edd115ad,0,2
456241c1624f549dc0b1453114b2fe0143ef2212,2,4
d9644d0184044b3f3cdc40fd9323410e72b28aec,2,3
d9644d0184044b3f3cdc40fd9323410e72b28aec,2,2
771db07ceb627f1517399fa2420b6abbf24942b4,0,0
872e41fa4e25a885f7a8e1b33199eef74f80244e,0,0
45435927242d8b1de50e6651e57697290e44f4e5,0,1
94ef6dbcfb7250d29708dd11fd295b2ad85af112,0,11
d2ddf938092bfd226f73cb63a61494a1d2dccec6,23,23
d2ddf938092bfd226f73cb63a61494a1d2dccec6,23,23
55a209200636507640ab1f84cf13ec729659d164,0,0
b9204e91e30e6f21cf52e0963b8cb42c47f6face,0,3
3479bc53d47215d06fde6a033593c9c4fd9a693c,1,45
3dab429b6ad49d76837c3668956beb6aa64a4d3d,0,1
c51ecbee9bf05802169784b99d19c624aac28d5b,0,0
8abf3ed88406a761aa81566ca395dbb74d6489c6,0,0
c3f60f813a9b28ab9b4e316a1d0aae46b67d2d8c,0,3
f2c08e40d2549542938440e64fe2362588c99e8c,0,0
3d4b5104d19aa185280171a64f96c2c1ad27b5cb,1,1
3df034c8a1f3af6c2b50fd49332f1808285811cc,0,2
551cb91be8370e26dfffedb5ca6414b6f51342a4,0,5
e944c7aab1df6e6ac5cc081808fe92449a39cd48,0,9
246d9fc362a984b45599da323c54087828983971,1,3
3d4b5104d19aa185280171a64f96c2c1ad27b5cb,1,1
246d9fc362a984b45599da323c54087828983971,1,3
3351466a3e6380fe2aa394e2c0a645cc5162b3b1,0,0
4f1299e368be7f09a2c4e1cea67b730e59bd482a,0,0
f5842eff27cb16a41f8b6f1428ef27b177511be3,0,1
4bb003344938bc12bdc5898b9c2be7baf34d64c5,2,5
d2ddf938092bfd226f73cb63a61494a1d2dccec6,23,23
6f5d4af58cd0ac9365147f1def40970563d31e2a,0,0
488321026d425767af04410ed2d400a7f0ea90d8,0,3
2d36d988f5f9be3bdd3c3090ea362a174764e6df,0,0
6bb21d4291374b937ae134b66b567a1eec0c66a1,3,4
4178789ce3add3f8437151a5561365641f13eff3,0,2
8591e09894abfddde84b0fedc515bce4276e4f80,1,3
a16e6123d4dbf0827e8080421de0e0137b5072c0,0,0
6bb21d4291374b937ae134b66b567a1eec0c66a1,3,4
d2ddf938092bfd226f73cb63a61494a1d2dccec6,23,23
d2ddf938092bfd226f73cb63a61494a1d2dccec6,23,23
fb207b23881afaa729802b48fdaded7d8d337ef7,0,0
f71c5a8c775e2239a8e8fdeee12ef0a43d7a6340,0,0
bc57d22f2a4ae8912d263608cf0a606fbbecd43a,4,6
cce50080c0bff7424bd856006371e6ce8e52b531,4,12
6bb21d4291374b937ae134b66b567a1eec0c66a1,3,4
0235f635293e72692c8766af5d449258ce87b1d6,0,1
250d8e65bb4f9c88196657c6c65200be210171a0,0,0
a7bf676f31aba7269d3ae4e559f1fc67a49f61b6,0,14
57110ef7bdd582184bca297dcb1315dffe00f52c,2,6
04afe50e185df0c69e25f112376556321a887bab,0,3
94d6387e569361263ee2225dd25d531fdfbb0123,0,0
9356b330b750aa62d2da09d37800dd437c57890c,0,0
c2d1ff9dc3536ae3cc9e7eb461f7522d374ef1df,0,0
c47d2a468a798c6ca83b8080e1301513717b1fff,0,5
b44d0e45ea2baa3df444da09779cc3ed9c10867a,1,0
fae290caa38aedbea3a2d093419e5ade4e62d620,0,0
cef1e79cec97d4328a3b66f54200cc8f32a01f79,0,0
d2ddf938092bfd226f73cb63a61494a1d2dccec6,23,23
445751f523f20c6146c2c2c0315840796b8beb06,0,0
d2ddf938092bfd226f73cb63a61494a1d2dccec6,23,23
d2ddf938092bfd226f73cb63a61494a1d2dccec6,23,23
33ee8c44289a608915da9f99a0eb801b0cf42090,0,3
708b412f23fd260488d5c100214b3a817333a773,0,0
618f6d29c4f3d79b0e73931b9e499666c75f458e,2,2
6cca2ed32d6342863cb2940e31478160a4878806,0,1
d2ddf938092bfd226f73cb63a61494a1d2dccec6,23,23
5d8b15c8957ba7e4ea43601a3fe1cb9a1b77ad11,0,29
6f8446d61e5c538d20bb258a85fc7fa7db39cb05,0,1
1e2b3c5e4e2b6fef78f70c1b2cacccd00a1d92d3,0,4
d2ddf938092bfd226f73cb63a61494a1d2dccec6,23,23
6bb21d4291374b937ae134b66b567a1eec0c66a1,3,4
b61cc98e5dd4e14c43cd4fd1afc1735b8cc98709,1,12
e70ddb4b4a4ee856cc5987754920dafb016fd740,0,0
7317c2eecd1e1dec3536da59b65af00e409cca3c,2,2
fbc176604d7407604e74c322446886a4c398a9cb,0,0
8022d0d413ff01f99288a40c1f44117d89a39c34,0,0
9398c3e1c5a5d92ca8f54e9f2a0213b85958d382,0,0
a01b938d3cf699ec8f27b70ec2a4f876d3b11ec6,0,0
6768ecbd16c05c6de61159a637ce1fa9d747daf5,2,0
dc93905798db8ef1a096e0c545c0ae9865270618,1,5
d972f454851c329f2fd303ad35c19de92d3f337d,1,2
625d17d736805aa6a4f6d879b0f7e7bd4b9e7ae0,1,7
42666964dde83608365e9399cf47c35995b25639,1,3
973a39d9fa61ad9149db778e27112ecaeb13d712,3,3
d2ddf938092bfd226f73cb63a61494a1d2dccec6,23,23
52c945ee8881b04079020bd0645bbd1ef5f32114,0,3
895e879d11ef66b63b72b1e0481ecb4029fbf3b0,0,1
e62af1ffca82980442c955255f326aea40e3a27b,2,1
