Repository,Fix Commit SHA,Tests Changes in Fix,BIC Commit SHA,Tests Changes in BIC
JabRef/jabref,f6efc9f402aba53eeb3b2e5d54a739f8a28eca71,No,-,-
JabRef/jabref,85dff5fd239e627f05073329d3521175ccb3b142,No,9ba9d0bd22a3c122037adc9c888c3ab407eada00,No
JabRef/jabref,816d30c947db941d0c77f045c6288c01374c26b9,No,40df60b5368898164008186b4c780b21d51f1799,No
JabRef/jabref,10042fd25eed8872adb0b28fe68d8efdf1786072,No,-,-
JabRef/jabref,dd27b3637c5525fcafbfd1a28c2dca19e50b16bf,No,86d03935c29e93e804e87f3d220de86e922391ea,No
JabRef/jabref,075a9ca239ede1b6ded5a1b1ce707f8f2d652763,No,4f870e79358a4e4876b365f5bbb1cb2c0cff66a2,No
JabRef/jabref,3f53201dea6640bd2b0f903a257b8f772ba206a8,No,-,-
JabRef/jabref,7743ed660bc0ca6d7e6b87e9699a119956868731,No,8ad5028643ceaee0ebc83fa25fe38325ad908ad9,No
JabRef/jabref,75ea1745064ffd961a43c44886ec69d74865450f,No,-,-
JabRef/jabref,2bed3d39d8ecdd37645ba8998114386551eba82e,No,0e5c46359db26a75b09cfd6abb3f9ec9798d98d5,No
JabRef/jabref,451d829524e916da3be266f7729b1678189b4744,No,d938a3e7e8d7437a56ead235b254ab60ff537834,No
JabRef/jabref,07712ce29338056ba22b24f0de0226ea2c5db7e1,No,05a02110aadc81b70ed172c8c93141c4a87df8b8,No
JabRef/jabref,6b9b84ec937edc9bf4644fdd3a55c51e424a63ac,No,95c8d19e9faefab367eb0b0b1754f5686a312e1d,No
JabRef/jabref,ec81fc65253196716428340addbfafcddd3d2b55,No,dc2b649e02ed2a577ad884c0cad93bab84038fe4,No
JabRef/jabref,4fdafba9c1453c8c3e9eb0c490c0f4b1af1bd773,No,c609376cde654af48475f6c40322bfd9a51450eb,No
JabRef/jabref,46d2c7dc2c0a584168840550808e4b2fc86754c6,No,-,-
JabRef/jabref,6701a9e7cce8e0d2f9b5d1cf6d8f1ae34a2deedc,No,b385fee1bd1e38134f3ddf6e3083f44451df96ea,No
JabRef/jabref,e944c7aab1df6e6ac5cc081808fe92449a39cd48,No,-,-
JabRef/jabref,be338d9ba330db41d65d410378d9f97393a84db5,No,eddf636825a87bd2be7782971c0db306c6596245,No
JabRef/jabref,3d7f8f314add1a48312b225381b2b7b105b7367a,No,-,-
JabRef/jabref,fc9fd678aab9e5dff29fc5f173b2aa43c67c2428,No,-,-
JabRef/jabref,61eeb51c240465ee8a7cf5ddab2d1e0c5e2e8446,No,fd82bef27f0a974dd8ac019ca1205fe989ffe840,No
JabRef/jabref,c0fd08ec3553c9d7af2daab916426cddc15b8058,No,0c006c1e1bf290cc758ac066df3bc12e2136f535,No
JabRef/jabref,cad925494d19ac067aeb23704d5f161fc4dfc339,No,f9799d44dbec3aae6acee8b929ed7d69edbccba9,No
JabRef/jabref,be1117a6f434959b161baccd0cd94d8f8127da5a,No,5cc97472e0931abc7667416df25a91c89206928a,No
JabRef/jabref,942b7601918f69717ada574105a85a7b7cff058d,No,0c96007c0a7e7cb317fb6296e180bfe3caa46c9f,No
JabRef/jabref,ed89bdae2230fdedfa66d4622ccd912bbce9ce75,No,172fdeb1ce4c43c096b85ce5d924b1f64c82fc01,No
JabRef/jabref,10042fd25eed8872adb0b28fe68d8efdf1786072,No,-,-
JabRef/jabref,1f42928e969a9f0156848f0758fca9371126d36d,No,-,-
JabRef/jabref,5eda399f5d6be86ef7ee28e3e9e616e2c1cae550,No,a1626ed5e45095b4b89cd4a238391c32de853c40,No
JabRef/jabref,9978b67e5bedb14d9440d7245915d116906c6fee,No,b0a124e2e8f488280ae682ed5375af982f47bcb5,No
JabRef/jabref,41ef8122f2aa4e2a8f3d219927c73c1736e7a7ab,No,3d24714deb07978972b921025551d5328faff039,No
JabRef/jabref,de114d520ac0a8832bb2eacae29f1745c2f0113a,No,05d801e1301a13aefb94b3c77a25ea3342d46201,No
JabRef/jabref,f5efb349da7932c4149b2f9992533ccb1340d8e6,No,0c6c0a9136547cc5dd18a16d9ecee934e9f7180a,No
JabRef/jabref,55abd5e2e2d60ee67a22a2376fab1f13d8ee0423,No,551cb91be8370e26dfffedb5ca6414b6f51342a4,No
JabRef/jabref,31ced14ef8411cc092a812c843cc08ba8d0eec93,No,-,-
JabRef/jabref,f356f9e54a2d621163f5ee5ef56ed657b0fb99b4,No,93196eeb819024079e94dd1eea3b22af993723cf,No
JabRef/jabref,81ff8f20e34fd699cd3d9c152b254e19891adba6,No,-,-
JabRef/jabref,27f3ed6c6c8f3f886f97b5104d015d10cbac06cb,No,-,-
JabRef/jabref,5792f0fa18f772ab961e1871c223d4606684d2eb,No,5c96ddf0852dd1968926220d545cdbff36db5af6,No
JabRef/jabref,efde8eee9870d2ee489edb12f7a7843cf1a7e765,No,5930bbdae3f12fd23f336dc6716b041bcbae659c,No
JabRef/jabref,be338d9ba330db41d65d410378d9f97393a84db5,No,eddf636825a87bd2be7782971c0db306c6596245,No
JabRef/jabref,b686151cbd99fd750e0a9cab6108c252265a792d,No,488321026d425767af04410ed2d400a7f0ea90d8,No
JabRef/jabref,01f01ab84cb5f2e0126e509caab98c3558d44e35,No,49136652bc71b72bf4f64f4189320e3e6f05f58e,No
JabRef/jabref,bf09514de65bd6d2d781c64b50dea37a230458d7,No,5d6c2ee1d47968745b75de9a44ec01880d0708bf,No
JabRef/jabref,303018f7944e288990d75e267f03ae9c3b0a1cdf,No,d1fb9e2bad0bb7bb8a78b14ee2417e7a3e2bcc18,No
JabRef/jabref,8bd27f5ae0b4d535578712fba9543d08435157b2,No,-,-
JabRef/jabref,afdb1942c5ec2126e69c92c7f2660459a7bdbeae,No,d1fb9e2bad0bb7bb8a78b14ee2417e7a3e2bcc18,No
JabRef/jabref,a4b6099bb254793d9da25bf0472769b72987d182,No,-,-
JabRef/jabref,f713d943732dd76939253542a29e6b50ba9782eb,No,ef0a6bbba081a11baefc376203c866361e8e6af8,No
JabRef/jabref,d650b2648cba0556c9876b27bc9ccc4d6efc0a7d,No,-,-
JabRef/jabref,eb5c8ca33a608a4a20b614d8e3bdc4bc17413b3e,No,3d24714deb07978972b921025551d5328faff039,No
JabRef/jabref,599e21d28f776aea8fda80709facf6fe4c6cca6a,No,0afa0b7cee7ceea6a99a0031232e30a8e414fe6e,No
JabRef/jabref,79a330ebfe8c3df4ee057726e0e4029675d4e870,No,109af28c9a23244534fbd14fcef64eb92f6d1ed0,No
JabRef/jabref,9213e3c2db76ab2839c36644dc241af60e9d3322,No,-,-
JabRef/jabref,0c34fa4ba99821570dbf04e22d6f749a9c1b2456,No,88f07fd5502268c7f0dbd88053dae96e702e4acb,No
JabRef/jabref,41bd5e03b34c0eeaba7f53811030dae2a1a03ac4,No,efdd24c592a212a81e7f91164fe0d2a914cc5e09,No
JabRef/jabref,4994d7f5678ab0db5ec36a1e3c743d7cbbc349ea,No,2f9328da184c1d14020c3ae62bd1c39911752f54,No
JabRef/jabref,d281ece4b5a96d6101cbea5f3475d0d8e19f75c8,No,-,-
JabRef/jabref,1d7a2533833252da88274f9690cbce19b3e855b9,No,d2ddf938092bfd226f73cb63a61494a1d2dccec6,No
JabRef/jabref,f0f7aa49765fe68b521cb0eb4ef43cd3e1e763af,No,87ddfacad04758c8cc28b9abfacb43edb6a3d6ab,No
JabRef/jabref,05a0ce9755d044557d97c48103d02bfb6b43c1a0,No,-,-
JabRef/jabref,690ce4b20c76886fd2bfc0bb5ee4386f6b3bac50,No,5f7aa46dd794877996951f169071b241bf90b928,No
JabRef/jabref,62dbf0d5ae1838c9c7aa73bfa7a0a1a9e6aa2d32,No,de57f7f4147df077e6b2dd163eee45df919fe5f3,No
JabRef/jabref,d5f0b695fbc5ee7895a0bd5536e11116be7599d8,No,-,-
JabRef/jabref,65cacb15f0a86d7fc7c571d816fd5c5015207733,No,445751f523f20c6146c2c2c0315840796b8beb06,No
JabRef/jabref,6768ecbd16c05c6de61159a637ce1fa9d747daf5,No,708b412f23fd260488d5c100214b3a817333a773,No
JabRef/jabref,2a4bd6cac3593fafa88e4909953c03b96339cb72,No,a1ef245d00e87c6672ae5cee7167b24647daac1b,No
JabRef/jabref,66afd4216b4ee0db9525df9782200e36161a9b4f,No,2ad080bca366ada946ad2100a90facbe28420c9e,No
JabRef/jabref,998fb285489bea422a67d91c7bf392e312788827,No,aeecdd982fc569ef104c104f0988722dd2e0d99f,No
JabRef/jabref,7257350b60427fbd6ee5b6f65641fe912ae8e78a,No,133fbaa376e779ab515f763f7a6986a0ba4f37ce,No
JabRef/jabref,ffb4bf98ac0b93d5f259f8904025605ea9c52232,No,-,-
JabRef/jabref,9e48a5ff8b41c0e3f0f6d331cfda0e2b9014be25,No,e1b2aa39bdbf7a66984cefc2095b0ca78a42e983,No
JabRef/jabref,8720fd254b68c2a4b50a08766db67799c260d5ab,No,-,-
JabRef/jabref,c1c79a054d1a8c4964288aa6c34b9ed81bd3b0d6,No,-,-
JabRef/jabref,9398c3e1c5a5d92ca8f54e9f2a0213b85958d382,No,-,-
JabRef/jabref,9738afc5dfc7f3e40221243ef346e3076caf2f08,No,7479e5df5e754c75ea5abd612ef64ec79c87078f,No
JabRef/jabref,c7f2671730f28fb75af823f574ba7d27106c1b06,No,1bec5efd35491af6bc413eccf7593ba0ed4679f3,No
JabRef/jabref,36e4f0e56ecc0fd5653b5bfbed15eecf34e38f47,No,7bd2ca057d826aa007de54c2449dc3486ccd9fb9,No
JabRef/jabref,79ff33072c54124ea7693a66bc26244e604a6ebc,No,5e0a26ed248a13c44aa66e48649f3958f178281b,No
JabRef/jabref,46b73391c4d7f0d8ffd3f44dd05397648251bc3e,No,456241c1624f549dc0b1453114b2fe0143ef2212,No
JabRef/jabref,147ffca5733014b6abd3899428ed229baf5182b0,No,-,-
JabRef/jabref,34fbe7681dec9d102392eccd0ed2e59139e69ad8,No,-,-
JabRef/jabref,b39c2e5aa2a89644f5220f42befa0e758b44bc80,No,845b384b1796902a2ee15cc65c9c31ec3dd07293,No
JabRef/jabref,bd77d7336fde1c4618f2e67dcf2ef22ceb1cda77,No,943489e2c5740e6fd1543d1f394640415aaa3b2e,No
JabRef/jabref,e1c1c9a229d40902e60d703f6cd9a17cecc213ac,No,458ee7999699b3489684178605c3f8f55294fd63,No
JabRef/jabref,37dc46e43c9ed6b65ab05a21b9ef9864aff20e4a,No,-,-
JabRef/jabref,6837164b8a0caf6c6470bede2a8c83fb317fabbc,No,59ac5ddbde23d2ef54f62022849787e6c27af10b,No
JabRef/jabref,8a242c9737322f654077817d9af8810f5b237dc2,No,d944eaed90d080c0590960aa440f29d0e9585254,No
JabRef/jabref,d0717185f75b442d0ce44210f0488066398bc586,No,-,-
JabRef/jabref,05d801e1301a13aefb94b3c77a25ea3342d46201,No,395d93bacfd077a5c152847961553390c7113167,No
JabRef/jabref,608e415b643995d3492ad12c411b101311d67358,No,733da312471c3abab691d61eccee061962357e1c,No
JabRef/jabref,f5a2f3b130f3b094c388dd7975e132fd87b15647,No,dd7a757b9a4446bbbadb3acc00f187c3b85115cb,No
JabRef/jabref,6e279228bad2fbe54f20a8fcebf2a8b7cb9415ef,No,48a4c318a73a872ac71d44b50d09da25bb06279c,No
JabRef/jabref,d792923b51e2a11b8445424d6a5ace41fdc1eaa9,No,6c6cfd663086778ae2da481e1149c0344a5a2f81,No
JabRef/jabref,ca16e86dd8bb16b7051bd1f0b8ff615acdf36524,No,3de6c7b7769587d972ff45be75656c079a4eafc1,No
JabRef/jabref,78b08b5b9c7cb4cce8d186003b57f94b7191cb07,No,efdd24c592a212a81e7f91164fe0d2a914cc5e09,No
JabRef/jabref,b655bfd3bfdff6aedc16ded5876af1daab652956,No,8556e65052fecc70f3c25cdf8eb81b106b9c8d55,No
JabRef/jabref,d77450376e59e6f4abaf35f067ff267fec7d0d01,No,d710c9a1f767ec589bcb15664c7511afe49931e8,No
JabRef/jabref,a14ad8e6b10bff8c129ffc7edd56ba0c33b1deda,No,4a6f1915595e0bb5f5a0af558f434a10c618f6eb,No
JabRef/jabref,d710c9a1f767ec589bcb15664c7511afe49931e8,No,-,-
JabRef/jabref,d6b5dcf3d2fa45eb5d114e9132b015cc5ca8b1a7,No,fe0631032f828cfda650b18a28929313f22978a8,No
JabRef/jabref,8a436940004887a5e232c903e18139a97c42c461,No,961ce3032ca8383c5a0b3d0975a15c439b38c16c,No
JabRef/jabref,b16160e5ab0fd9dc3aefc6824f55739b40d3a986,No,-,-
JabRef/jabref,f1e471fc3c557c28d32369c6a3fb995633202aa7,No,bc56ab65256ca089ec4160405406bd7f65206c49,No
JabRef/jabref,8763a117a656aaa79cadc311baa652b2b2a30838,No,6243cec2624540d7649956bcdafcf37df21cad5c,No
JabRef/jabref,98fd48946ca763f6871043dc7325cbd8b98ffed1,No,-,-
JabRef/jabref,dd7a757b9a4446bbbadb3acc00f187c3b85115cb,No,-,-
JabRef/jabref,4932a8c2d51ebcf1f87c49aedbafc81032f4fded,No,5a956182474824ad113b126bfe9a4a2fac71fa44,No
JabRef/jabref,6bd8f4c604700a9504bcd9aeda210fc8be49f249,No,9aaea7611ffe471d1b3ba16b13673ec0a0cfd846,No
JabRef/jabref,d303aff3a8cded12cf943e391254ddb42a6f52a5,No,2dcab10b9cb9796fff94a0ce9a52afc6cc2c7da4,No
JabRef/jabref,7ecb5095cebce6a4ae629b11051d57b63fff7bd3,No,-,-
JabRef/jabref,0853734385c1fd498be385efb759ed7534780b84,No,67e1dcfa91617914eec2e50c4ebf967fdd712920,No
JabRef/jabref,d80e16457711ec606879f061b64925d51826082a,No,475b2989ffa8ec61c3327c62ed8f694149f83220,No
JabRef/jabref,44d646ea31cf560c46842ea532b39a4a53348065,No,851fa4bb4f372e3d63ea69fc3077ebe1274eb135,No
JabRef/jabref,2dc8ddfb93cc965221c80ef0430de809eac237af,No,7c238ebd6f960e512725dfff0f4c57e9365901c2,No
JabRef/jabref,f1977f53e39b578e1cc4015f7b5970b6d66b6c16,No,-,-
JabRef/jabref,5e256f5864b4936ed0f59fb1feb2e2d60c1ca640,No,830f59c86131b7385eb73b0c2c44067af7bb493f,No
JabRef/jabref,b506baa7e8ac8c29786b2627c24f5f2696d35b6c,No,-,-
JabRef/jabref,985b40bd15c0b0648eb02e5850db0fa1fe20a834,No,76be2a78f47178cefb995ee6a19aaba10c53a8f8,No
JabRef/jabref,7b29fe39b63f6630b3e92bc67e5080531643a708,No,89f855d76713b4cd25ac0830c719cd61c511851e,No
JabRef/jabref,eddf636825a87bd2be7782971c0db306c6596245,No,bcdb01cd6c655a18038a704117b52c0c5d183a36,No
JabRef/jabref,591b34aec34e653a2dff7ec98da086c1d5d6bc08,No,1797af8e3bcc6105563b337223e5257abc97ca35,No
JabRef/jabref,8c8a43518a3a4fb152b5145b63fbc53d26f6eedd,No,c87ec4ac1f2cb168e47a30e1bcb99a526475ce8b,No
JabRef/jabref,0a5c8b770322aaaea4a13ebc00d0e0c6d4d38daf,No,-,-
JabRef/jabref,4893461482d8d04a8d71310d73c3a870dc042f76,No,-,-
JabRef/jabref,f5842eff27cb16a41f8b6f1428ef27b177511be3,No,a01b938d3cf699ec8f27b70ec2a4f876d3b11ec6,No
JabRef/jabref,1f14795b20eea9be44a0614afe5b8a2bd86a7c0e,No,618f6d29c4f3d79b0e73931b9e499666c75f458e,No
JabRef/jabref,fbbd760358162e4be5f71ef9f5241206ce836d63,No,-,-
JabRef/jabref,b506baa7e8ac8c29786b2627c24f5f2696d35b6c,No,-,-
JabRef/jabref,9b9cb46c3febb6ba7dd60ee600af88b110351a5b,No,-,-
JabRef/jabref,6701a9e7cce8e0d2f9b5d1cf6d8f1ae34a2deedc,No,b385fee1bd1e38134f3ddf6e3083f44451df96ea,No
JabRef/jabref,00894a3378260e7944e5f40144d6608cf3164fe5,No,-,-
JabRef/jabref,86e2c82cbe0eb8ca18f1b80f7b85b375cc316ad7,No,-,-
JabRef/jabref,b991648cde18f447099eaee3f605e1b709151dd5,No,e2b07273484056f508f958a931343397b4c8a43f,No
JabRef/jabref,eff62f6dde4b5b4de471d2df1c49c9cfc6616294,No,a80435f151bc4bec0c75a5aa4a6fae76eda2fe1e,No
JabRef/jabref,f408d9012caf27d54fe1f077d7cfdd0a47f4241b,No,ffdb88d83d72cf102ef3d4d832800ec326cd88db,No
JabRef/jabref,222d214e3e6f70912d7dc6ba5757330d2578388d,No,144a37d10e955d8a27ba8e04ef000d86947cd5f0,No
JabRef/jabref,36b5381fecef7ace3504d2c366effe01307f7d14,No,021f094e64a6393a7490ee680d73ef26b3128625,No
JabRef/jabref,f1c099cecb979c8baf47ada17bafde4652b1648a,No,bec55f8c42430221838fbd18a91fe652e2408dda,No
JabRef/jabref,d8f6c5cecb61a6f3b64be5db98b143978e41c9bd,No,89ee88513c0012a776afa5d7dc5af14e01e36852,No
JabRef/jabref,19f17960c34bead8a62bea81535c8194b5fb324b,No,-,-
JabRef/jabref,e35b6ac2c27894ee95190fca423440ff6bd9c977,No,f5a2f3b130f3b094c388dd7975e132fd87b15647,No
JabRef/jabref,8ab76350cfe2477b412e21b60dda8b6e63386175,No,d01f3709766207ba24a8e0790d220157a7e440b6,No
JabRef/jabref,22690af1c814042483964ab100800d8093860c6c,No,d9644d0184044b3f3cdc40fd9323410e72b28aec,No
JabRef/jabref,d6fec0b54ad37f55c95e7438bd3604dedb133abc,No,c1c79a054d1a8c4964288aa6c34b9ed81bd3b0d6,No
JabRef/jabref,74b5852279434af5bd5abc37387af79b7041f845,No,0a26d3100602d023557880bb00755f7c9f2dea73,No
JabRef/jabref,ce5038dd3fa029bed76df468393678423867451b,No,a4b6099bb254793d9da25bf0472769b72987d182,No
JabRef/jabref,ba24c126c523b663a444cb8aa17421ab829eeef3,No,adf226fe888c0c234e0663de522aab01d59184d4,No
JabRef/jabref,ae43548c16ca35b9a83a2d34864557cf503c0df4,No,7672b2de95aea95b92d47cde3215ffb9f96aadcb,No
JabRef/jabref,99223c4d09b46a6a61b75a98cd4494ddab210876,No,8a9aca1ac5a2c0c072f80264e3226742d357c19d,No
JabRef/jabref,093bac2dea60220654c05cba72a0889a38100773,No,e656635d8262bac56540ee80eab365fc9ee469f4,No
JabRef/jabref,1d7a2533833252da88274f9690cbce19b3e855b9,No,d2ddf938092bfd226f73cb63a61494a1d2dccec6,No
JabRef/jabref,87332ae7c08c76cf950efb6cb739137744ff561c,No,-,-
JabRef/jabref,86d52cd6468335d9e460aaacc870aa5088c62431,No,7f4c36c03629498db8e56281906241a82846e1e3,No
JabRef/jabref,e41c1f2ef935d26f60c7cf45b7a940d4c7711b18,No,82adb112722b1bf5b5301360651beb051b01f94d,No
JabRef/jabref,8ff0ae6927ebc53081960c1f78a7470013aed4b4,No,c9415ff4ae25c86142e7a281b1585be3f9ea1196,No
JabRef/jabref,f3d03a87ff48c1b1ae51569beda07a2b3b114fb4,No,d281ece4b5a96d6101cbea5f3475d0d8e19f75c8,No
JabRef/jabref,fa8cc829727ffddd97a9056fd466e7098577f4d7,No,-,-
JabRef/jabref,6c0d6ed66a47eb4e5a522db725c5973fc2dc3fa7,No,89ee88513c0012a776afa5d7dc5af14e01e36852,No
JabRef/jabref,7bc676699929c6e6c5da1e948e6f3154fcc38c9a,No,4f213f71e2644847adc03b0d3df94a1a9987e197,No
JabRef/jabref,d7dd41b0022978b9db958505cf6031768cf2cd8c,No,31e6797d8a1d0827180b0b54ea4a8b5fef936a59,No
JabRef/jabref,059f805e64da6ae3966aec018e81f908f54b5ed9,No,91d19f9fa66d2f6cf275d38c66fe27c48549ae02,No
JabRef/jabref,61d5f4e23db0bd5775df26eb3e3b7b0852e7bae6,No,-,-
JabRef/jabref,aa3657cacf9697a1236969336d1bf1ff9258ef8f,No,b411cfbb1c60af09052e17d1780f1cdb770bc4ef,No
JabRef/jabref,09c0f59456ecefc0c56825608dc09100d82b581e,No,fd1cab0eb1ed51261049b7799584b060dbe46755,No
JabRef/jabref,8adb3a425373a6c16ea61a0022b2401dd9b1c514,No,67f67a15419466ab566e4822af2561cafb61b9aa,No
JabRef/jabref,2dc0d5b22ef334d9c8759951f35a1d9313b609c6,No,-,-
JabRef/jabref,2b886cb719b0954127dc8d748b287adb3348958a,No,5b0b66423f48ae1395407f972dfb9d44d39abefb,No
JabRef/jabref,007a534d0db7032a77260aa492e15523d44512d9,No,-,-
JabRef/jabref,d710c9a1f767ec589bcb15664c7511afe49931e8,No,-,-
JabRef/jabref,0ee2090ad3e056a85a88913fb15131567bc8c8b7,No,-,-
JabRef/jabref,1207a84ba47a2f4d58f10d260ad7b95feeb6593f,No,0a09e2c32b8402bcc8a61484220cdb49858310a9,No
JabRef/jabref,ef7f8248b0120a22313e32386145db7b7a77cc28,No,-,-
JabRef/jabref,07712ce29338056ba22b24f0de0226ea2c5db7e1,No,05a02110aadc81b70ed172c8c93141c4a87df8b8,No
JabRef/jabref,35cd5d03e106c102b9d2aad3dbd54038ddc2728a,No,f568e4dbde5de6c5d3ed39af73d02d2b910a1930,No
JabRef/jabref,7402fde22be7e33c1c3d7c05dc0c2274d4f61e74,No,67583d9be2926223d069ccf39fdb41111ae67c2d,No
JabRef/jabref,2606f9ad3df7143f03bb7872724123a24e87ecf2,No,9398c3e1c5a5d92ca8f54e9f2a0213b85958d382,No
JabRef/jabref,fdb93f5de5730e389bf2d4a353b2cc0c6db4a7df,No,0bd8240dd0a814c6799f1a95bea1ebfa67799414,No
JabRef/jabref,a3762873d8a0272b41e0415a0a48a59a1225e7b4,No,8a9aca1ac5a2c0c072f80264e3226742d357c19d,No
JabRef/jabref,bc633dce965266719581d079b276bc8508c5fa83,No,e38c3262b82928b05680103cfd030baf05c4a201,No
JabRef/jabref,f4926ca51f4d1cd71ba334758592215170db02f4,No,2a3c71f6d058bb67900b9e430772956613995a22,No
JabRef/jabref,5d23970cc55b250b8e430ec202d10bffad4b04a3,No,57110ef7bdd582184bca297dcb1315dffe00f52c,No
JabRef/jabref,ee4f252428bf5ac5030ff8391a98b1c648b03801,No,d938a3e7e8d7437a56ead235b254ab60ff537834,No
JabRef/jabref,fae0964caf10b6d07ba50859e4915465788caf03,No,a2eb30330fedc21043fd850a1313132503e1067a,No
JabRef/jabref,19ab05ecd3163f0c0e8967b42d260a413dd91984,No,c1c8c760d9f09067c54a639726afb2577ed52746,No
JabRef/jabref,f0d79f87657b039b738a8157ebdc951414494421,No,80e8abac28117bbb3eca0f3d6ab87a6f6923dc61,No
JabRef/jabref,c3f60f813a9b28ab9b4e316a1d0aae46b67d2d8c,No,981b14d3cc7b2590f5fe55d526e9d901f5faa5e8,No
JabRef/jabref,73ec321895fb07e131bfd3cc560d0d8f4214cf3c,No,612d64e7fc915287342c7cbc3772f204faab42d3,No
JabRef/jabref,c9874ec9fcdf2005edb636d1d30d92a667bb1f13,No,3d4b5104d19aa185280171a64f96c2c1ad27b5cb,No
JabRef/jabref,f17eb403475b08d600c6b67233f42747e5b05e5c,No,89ee88513c0012a776afa5d7dc5af14e01e36852,No
JabRef/jabref,3d790e215cb0be23d96bcf4d2b73de23eb0abf07,No,-,-
JabRef/jabref,e26d9ab9a7e47b2818c8eafd2e08de5808d6ce98,No,43e61386daeba08507a4d087eb7918b33b715b07,No
JabRef/jabref,6a7139566b555903daafa2913d10431a5f02d704,No,dd13184e76610c12f1482af7790e4b13378a4ccc,No
JabRef/jabref,1d7a2533833252da88274f9690cbce19b3e855b9,No,d2ddf938092bfd226f73cb63a61494a1d2dccec6,No
JabRef/jabref,774da9fe03fc339e6c53c02f47700c5dc46ac078,No,-,-
JabRef/jabref,1f6604d920e2951508635060f2263841a134e8a0,No,-,-
JabRef/jabref,913b4fbe75e117fab0c25f86f809533362eb1b3e,No,c94bb1b436b835bf4b15a1e0395a2813e71f2bc0,No
JabRef/jabref,61c5787c52be070b41cada2577910b2b93472040,No,-,-
JabRef/jabref,7063d2d9841ffe60c0f5662c5bc8dbf371d8ed1e,No,61120e40516312949e33b08f644077cbba166f31,No
JabRef/jabref,f568e4dbde5de6c5d3ed39af73d02d2b910a1930,No,-,-
JabRef/jabref,16a526f089a8f9e0a25d4a40faaba32cc83e6e03,No,85386e6436728bd6aa81085532fc86c1bb3217da,No
JabRef/jabref,81ff8f20e34fd699cd3d9c152b254e19891adba6,No,-,-
JabRef/jabref,d650b2648cba0556c9876b27bc9ccc4d6efc0a7d,No,-,-
JabRef/jabref,193bbbca670bf478f0b0ec7cb5512638c6521122,No,456241c1624f549dc0b1453114b2fe0143ef2212,No
JabRef/jabref,aa42c16a8b9e7d051ef34ec0b4e8760af56e9a74,No,8a9cec3e40405f60ab5e91e3a5313180441818b7,No
JabRef/jabref,58fec290eb65877e259ec0fc13337d7ffd2b0ada,No,dc93905798db8ef1a096e0c545c0ae9865270618,No
JabRef/jabref,ed638e22a5b9eb4aa60d98c4143b296ebe49c86a,No,fa7c7dae216d2dddecff7c756122d72516f93665,No
JabRef/jabref,1d7a2533833252da88274f9690cbce19b3e855b9,No,d2ddf938092bfd226f73cb63a61494a1d2dccec6,No
JabRef/jabref,c5c6455fa254de43ca29560868763c84ebeb8e69,No,dc0d10c46af477e3cee03e15c97b9934ebcf90b3,No
JabRef/jabref,f60c15a1250603adfa2f4ad316b1c747d677bf7c,No,7e1bf18f9bb02439133d7e9a270ae0cd24d95a8b,No
JabRef/jabref,7ec4c7e89524e406de1277c1cf58513bf8c1dc1c,No,8fa6af04335a27dee0ed1e754c88d8cefcce1dab,No
JabRef/jabref,124fadb698a373265494c5d6f3308163c46ab1f9,No,8591e09894abfddde84b0fedc515bce4276e4f80,No
JabRef/jabref,e486650c503a23d864555a151d55de41a4637547,No,55584086764e242dd459d760bc0a1ec401c93c21,No
JabRef/jabref,4c3e520a32f986e0df8a6b7187cf6b2dfe322ccc,No,2d5908a7ae171e00deb6e930cc6270d9f5a8c3b0,No
JabRef/jabref,ba305476cf9618010985962b71af6c4076874331,No,b251ebc7ec4025a182d31cb5fed74d813b33135d,No
JabRef/jabref,7ef7f5919b99d206de622288ff02cdaca6a38cba,No,-,-
JabRef/jabref,2e5dd7eaa8b1351ca373d9f3a65aa216726fdf48,No,7ace79be08f9b4a5dbfb03cb49da05101d03ab70,No
JabRef/jabref,3123090b6cf44e853eceae42854d49e78e81be2a,No,-,-
JabRef/jabref,11163319368613b8139fd6e0bc71a1fa4d6b8163,No,3c2e3f2445a073979be41151ee896a890b8c4e6c,No
JabRef/jabref,1e3bc02475ccef7183c6d866808f3e6be5e31cc5,No,-,-
JabRef/jabref,369b9a7b00cd9332fee7f1cd222bae7dc4db6c00,No,-,-
JabRef/jabref,7d247d140f0196ef0bf997dd61a7f8873d3f7524,No,-,-
JabRef/jabref,940fa2ce3f5579d65b503d4d294f832be5c9d2a9,No,-,-
JabRef/jabref,0d676a112480bbc31786cbdac083c0b2a9fc6e27,No,-,-
JabRef/jabref,cdb2de623999397c9909aded4deb88a9f3c46239,No,-,-
JabRef/jabref,a1883824126d829d9f50baed3b23836411ced0b4,No,cb8fb55dcabf27319ae2c03d64ec108e85b78e39,No
JabRef/jabref,326ef9f1b8f377ddeae1684efd6972bca62dab41,No,c1c8c760d9f09067c54a639726afb2577ed52746,No
JabRef/jabref,5fcc686c2c4745231de69f2ce9011c136d0fca70,No,e964e2c04c25299d30c25ea655801b565c109443,No
JabRef/jabref,dd4f0a08905cf2ef3d2e3231b1fb87c1950fab9c,No,38e162df42fddc6b317ea550d538591030b945a9,No
JabRef/jabref,37a4f29080b77845f0d4a227a527e2699e199026,No,6701a9e7cce8e0d2f9b5d1cf6d8f1ae34a2deedc,No
JabRef/jabref,e754cac659d3a8f5c21b6b63604c10bfb2b7e7d6,No,-,-
JabRef/jabref,c517c6f4b47de723dbe17034cb2f26f335009b6e,No,-,-
JabRef/jabref,566541d25169b70712a172c90d0ae8523146c9df,No,d1702bba3210dd85d785a02171670c7ddd30f69c,No
JabRef/jabref,b5c6b7235acda55e628d18342568cfc031e6b2f2,No,-,-
JabRef/jabref,6a7139566b555903daafa2913d10431a5f02d704,No,dd13184e76610c12f1482af7790e4b13378a4ccc,No
JabRef/jabref,03dde20c13fa5d0ca95585b892f63db0fba85183,No,-,-
JabRef/jabref,22690af1c814042483964ab100800d8093860c6c,No,d9644d0184044b3f3cdc40fd9323410e72b28aec,No
JabRef/jabref,d31ef4dc71eb1692af84a36b1e9e747c2384dc45,No,e50566aa00e42cfc459d27eb3ac13934ce5535d8,No
JabRef/jabref,192e4dd19a48baff12d7b34a8b728859ba723da3,No,88f07fd5502268c7f0dbd88053dae96e702e4acb,No
JabRef/jabref,bac83047ca44288f17f642e4ff1131cbce2953f4,No,-,-
JabRef/jabref,88c9f56347449ad7678da0f33d20b00ba64fe474,No,690f837293fcb9a96913e8b080a4a0050f3c941f,No
JabRef/jabref,d03a43c7e826e1c1a7675dfe4520e895bffaebc8,No,b9df9cb0b6c3d522657e157fd86fc5bc420ff620,No
JabRef/jabref,2a7fc1aa0e2bc3edad3291e96a40087cded4da03,No,9422c4518caf1bfd7df82b8109972f334f22e2a8,No
JabRef/jabref,e13d7f10b23e3b03c9f6425704ad46a973c90023,No,8a9cec3e40405f60ab5e91e3a5313180441818b7,No
JabRef/jabref,a7a69db459c06d394ca6c3735a8e1ecd642b182d,No,d7f7b67dee86be1a8b30d4681910883d4f4481ab,No
JabRef/jabref,edd6a86aa584e18676f3ee6a0e233c25909c54b5,No,4893461482d8d04a8d71310d73c3a870dc042f76,No
JabRef/jabref,dcbf51063e027cc06dd3d2f1bb1ef578a5031300,No,bc3d2234e62e15cbeb1ce51c0c0863a226cea24a,No
JabRef/jabref,543c176200ec793d1272fc65fd763492ebd3105a,No,c609376cde654af48475f6c40322bfd9a51450eb,No
JabRef/jabref,4a4502d7970dac7cb5bceb055495df09d8d530bf,No,2f0dc35686a780f63f098250cf7c755141b953ac,No
JabRef/jabref,a30704f6db92de42495f286bc7cd4c2a3b56bed6,No,d2c5e23bf3d0eb8ecefeeb6fdafed4bc9394636d,No
JabRef/jabref,7aa8052a62112a7b7e264c8b88fe6cee8003d344,No,cf6b1ed03cb104262f03d015d8ff8a1d206e1c06,No
JabRef/jabref,b7743c4d7fa84ef09d966c2881ca6476ad43124e,No,-,-
JabRef/jabref,53eb4634e7edff602f1b36be1dfc964f5666ec30,No,-,-
JabRef/jabref,e173764f2ee6ac17cad359935bf57cfa4bef85ea,No,07bd8cc3e534be23c22d336ad8aa85f3a767762b,No
JabRef/jabref,ff550e423ca4e7604f06918882e069356f5ea652,No,-,-
JabRef/jabref,1d7a2533833252da88274f9690cbce19b3e855b9,No,d2ddf938092bfd226f73cb63a61494a1d2dccec6,No
JabRef/jabref,a27bf9b56428ba59b932885cb2379dc0060a0b5d,No,138a677cec6be3d5c0fc7c84ef1b94d94835cf28,No
JabRef/jabref,4363f7ec6e0c368af54cf6b576cffd90cc9e22f3,No,d0717185f75b442d0ce44210f0488066398bc586,No
JabRef/jabref,956e9f6053b236eab545f71e40c85d3981ac319f,No,-,-
JabRef/jabref,9b131081b1a1b9e8a228900a53ba1a718d60bc9c,No,3c7eaa7774a9133cafd5d6b8abc896770d83667f,No
JabRef/jabref,fca9fb9525bd90520abecabcc9d576bdbd1fe935,No,-,-
JabRef/jabref,999183059544a554c3fd362e51c208f220af691e,No,a2fbb3a46901eee3310527bf6e283f1656dafb89,No
JabRef/jabref,a6fe66b89d7a8b2eaf97063d942f933bdbebfd68,No,5dcc05a50760698149e1177832ab5a0c457e33fa,No
JabRef/jabref,f71ed752b2f6822ddc7317b4ff395594841fe4da,No,fb9f3ecf79a8a908129432100846679650b88a66,No
JabRef/jabref,99281793c5a01a5407c02ad85b5e3e99f784ee6d,No,56b9a67eb569897bd4c7d7a26e7cde8b70d94639,No
JabRef/jabref,1d783b429f0429cd6f283c83390dda0383289212,No,ef088e2fe126b71f4a856966073ce83ee8db0ce8,No
JabRef/jabref,6bc8ffca500196ff5bf43ba9335eb290413ff438,No,-,-
JabRef/jabref,bc2fc07c8be623ce57f2ce84bc5e78c40f985c67,No,2c7715cf0476d504475cde7b5e23c4bff677036b,No
JabRef/jabref,c3f381352a5896f4319b19e54fd49e356926d346,No,3d790e215cb0be23d96bcf4d2b73de23eb0abf07,No
JabRef/jabref,424ff1c7cac2db2cc8d4321253bf6614cd4984b3,No,51bff3dee0e836aa42b57a0b491fe4133e333747,No
JabRef/jabref,37a45e0c80152ce0235c2523ee72cabc83a331eb,No,f4926ca51f4d1cd71ba334758592215170db02f4,No
JabRef/jabref,8b59898eb4d88a7d1ff262e285ae063697e2abe3,No,5ef7d684e63bf741491c2de41352feeed0f3853c,No
JabRef/jabref,6fb9251199e5004c2450d61bc67cd4b435752f5d,No,6f2feebec202b02149880a9f702c6a15d67bbfb5,No
JabRef/jabref,7a0a93cd4e258904c119a57947d0f308384f8bf6,No,246d9fc362a984b45599da323c54087828983971,No
JabRef/jabref,2afd1f622a3ab85fc2cf5fa879c5a4d41c245eca,No,734c645078a10435dc60be4295692a21e66c2cbb,No
JabRef/jabref,6e6523f771cdcf5aba02b44ba70ad89173d03c3f,No,-,-
JabRef/jabref,e1b2aa39bdbf7a66984cefc2095b0ca78a42e983,No,ace1ba1118fcd26973f3e3e4907f0112c9cf6b0d,No
JabRef/jabref,64e6145037ca466dbcf76cc3c2d611a4d56cb72d,No,-,-
JabRef/jabref,d31ef4dc71eb1692af84a36b1e9e747c2384dc45,No,e50566aa00e42cfc459d27eb3ac13934ce5535d8,No
JabRef/jabref,03bc4a3dfa5d9b5acd9d8fda157ace42e72a379f,No,a63cd1a759c353ea3779c85843accb450f2a469d,No
JabRef/jabref,3e359bade3714e8bdc3abc06ce9d196178b02a2d,No,a1883824126d829d9f50baed3b23836411ced0b4,No
JabRef/jabref,54f27e94bc1108f5c6cb485bb2daac938f0ec573,No,3d24714deb07978972b921025551d5328faff039,No
JabRef/jabref,abb0af2349826153dab070cef887414cc2566391,No,ce12792d475a4a1281a7b0839eba27156e99d619,No
JabRef/jabref,1af727bc132995f101385770907ed4480d26a593,No,b9204e91e30e6f21cf52e0963b8cb42c47f6face,No
JabRef/jabref,1d7a2533833252da88274f9690cbce19b3e855b9,No,d2ddf938092bfd226f73cb63a61494a1d2dccec6,No
JabRef/jabref,373b9f5f582729f2e5cb12d03f139eac67d4c7d3,No,cce50080c0bff7424bd856006371e6ce8e52b531,No
JabRef/jabref,851fa4bb4f372e3d63ea69fc3077ebe1274eb135,No,ddb044d94a922faebe137114c59dfe2f667afb04,No
JabRef/jabref,192e4dd19a48baff12d7b34a8b728859ba723da3,No,88f07fd5502268c7f0dbd88053dae96e702e4acb,No
JabRef/jabref,122c1e8d414bbc1b234de6f27f055476616c7e62,No,eef429f38b4829a27d78151385e30f0fbf63e422,No
JabRef/jabref,9474f5a54a35eb999aed46cef8c1a5defb3c75a0,No,-,-
JabRef/jabref,97db4247c4dc6cebd8c10e2d7b56a634ef13992a,No,3028d479ff00d7652760e3684d1fbc54fe7d2542,No
JabRef/jabref,22d135d2cd1866be858b0c947ba6f7336ec9eb7f,No,5025d0b38a3b76593fe46b5912cf4610c742e946,No
JabRef/jabref,f44794e8beb28184180bb80882b200c074dcca8f,No,-,-
JabRef/jabref,a7bf676f31aba7269d3ae4e559f1fc67a49f61b6,No,cef1e79cec97d4328a3b66f54200cc8f32a01f79,No
JabRef/jabref,4f398d85da7bd858d8ad1ac48b7f328093924766,No,-,-
JabRef/jabref,f26e25b7bedbbae81f3bec8b30dd482aba3d251c,No,129abaafdd1f9ff75339f9252fceff2e1952bc0d,No
JabRef/jabref,1ebe80224500556e3b5a2076f5d388671a59dd8d,No,e71ad296d40ccb8be3819fd274aa5eadbbce3994,No
JabRef/jabref,6d6423c8ae9f578cc85956cb51046014c5e39d5d,No,-,-
JabRef/jabref,48f5293dca7bf19a027e64ea6ea64cf0f2d3734a,No,147c4eedb99ab03cc1f27b7ecf9af98a36b6f904,No
JabRef/jabref,c9566c2a92d460c05282544cf12c9908163a2b93,No,51cd8ba4b0e86719def6d6b5921cf96ba1667789,No
JabRef/jabref,4236e3f8730a7ba5397540ae9a27ee73dda6cd2b,No,4134ec424c7e81ac379c697ca79c61a999812f14,No
JabRef/jabref,c38d18bbee4446b2ad879ad7d2ad8af50b2f4727,No,3d790e215cb0be23d96bcf4d2b73de23eb0abf07,No
JabRef/jabref,08eccb629d3214301d8b37862e10e2a10939b221,No,bc57d22f2a4ae8912d263608cf0a606fbbecd43a,No
JabRef/jabref,65a672adc15ef7142555f4ac128be806942a5b96,No,ec88998eb8456295d5360964876b192d01002ec3,No
JabRef/jabref,111f466ab90adf410bfad790c408b026d204e9ea,No,2a5717c3531667703e6c2e42db54e992208d0968,No
JabRef/jabref,2f08655a484aea3f8c9ce66e3d4b4a3287ccc136,No,fc54b2d3cb790de3a4a7df4640bc76739b58eb3c,No
JabRef/jabref,de57f7f4147df077e6b2dd163eee45df919fe5f3,No,e3b2ab2264d184fafdf347d2ac3cca59b7b9c0f5,No
JabRef/jabref,4a6f1915595e0bb5f5a0af558f434a10c618f6eb,No,e988335e84f3c830d33f0b8c5affbbc5d0f56142,No
JabRef/jabref,0c439de3d94a3e85291f51be174a529c3985602e,No,ae43548c16ca35b9a83a2d34864557cf503c0df4,No
JabRef/jabref,fae290caa38aedbea3a2d093419e5ade4e62d620,No,6cca2ed32d6342863cb2940e31478160a4878806,No
JabRef/jabref,36aad7d053879dff344c99f41918e7583b9804b2,No,975194126b3ede2f901455f09beb905951f6f2e0,No
JabRef/jabref,77e8e68980f5c464cb9246e8b082df3070cc4dad,No,625d17d736805aa6a4f6d879b0f7e7bd4b9e7ae0,No
JabRef/jabref,8374693f49302d9c1489a0d9b633ca73825c7b79,No,-,-
JabRef/jabref,ed543e92cddd650212f20c71007029d96bef8f95,No,7f6050422d7ec52a22b21e29e799df838376c23c,No
JabRef/jabref,d9dc3a881a896372033eb4b1430e08efa2ababfb,No,24d56133361ad6b759c2b8f9e86b394ffa229428,No
JabRef/jabref,bee715d03ab6fddcd48af5a5cf9e134ae458d521,No,d72e98316a11281edfcbc1e5cd8161121db82574,No
JabRef/jabref,629fcc424f7f7dce419b7c1ab3d8984a84c902e5,No,769ebd19e7ed68a511817aa2bc12c2bcdf149446,No
JabRef/jabref,077fdacc2ddc7beb7d22ba96ead8b400c91b3631,No,-,-
JabRef/jabref,d615880f91a0e8d0164b69c41d956f2e7718f4eb,No,f1d97c6d0bf72f2158fc7fd10f666aeb966089dc,No
JabRef/jabref,1d7a2533833252da88274f9690cbce19b3e855b9,No,d2ddf938092bfd226f73cb63a61494a1d2dccec6,No
JabRef/jabref,6701a9e7cce8e0d2f9b5d1cf6d8f1ae34a2deedc,No,b385fee1bd1e38134f3ddf6e3083f44451df96ea,No
JabRef/jabref,86870cb04ea87b3848b60a735a4315ff5946f588,No,ef90e2838b6ea55bbf9a0f4029c051fdbc9565e8,No
JabRef/jabref,0c16669dbc7d572b022f606d7da953e87814c37e,No,-,-
JabRef/jabref,a69bb58a4d3387f9f607baa175692befc2da6d7d,No,-,-
JabRef/jabref,27c2e05ac36e38ea38a8e432e05f85096c929141,No,c3f60f813a9b28ab9b4e316a1d0aae46b67d2d8c,No
JabRef/jabref,d743f52298d40f1ef81331dcff846b31c992667c,No,b20a83b66c6e98ac0a6095fee49e78a0060e3d10,No
JabRef/jabref,7272b2b967283aecbfce939da9678e1212249738,No,bbea7dfaa3ecb2bbc0bb887fd26b210dd28ec9e3,No
JabRef/jabref,cbef5a6335cc708b901c83be0222b4e865132bab,No,8c6e15a02fd746d67042f950c3df37396b6dabfb,No
JabRef/jabref,b8d1c2e1108c033b634aa244d18c38b3bac8dfc8,No,6209964873889eceb6a598f355ab69c3764768ab,No
JabRef/jabref,fb5f74cd3fcd9e87d3068a29bf9c41f1a68c3b89,No,7fee69941785613f7eead4bf7bab5b0a650ee744,No
JabRef/jabref,2777ebcd238f5f123e834d15b576a62b6a0edbb7,No,0512062a6a9b97ca0590c08405c28dcf1d1d6455,No
JabRef/jabref,eeb5f250cb9ce0261ceeda7234380eba79a9cf8c,No,-,-
JabRef/jabref,8bb76686e3f168f6356628f2a282520bb4426d88,No,2d92872bff48a49bf2a1e71c0227741d9d923313,No
JabRef/jabref,7242baaf8d8800d00b3c1c196849c48ad27cb6c3,No,82e555d931ef42aa45273de6723b6887a7c17b06,No
JabRef/jabref,51a1569bde2e2bd547463c157594888757b50b5d,No,36118095ad30c211c8e4e132024416367d2485e3,No
JabRef/jabref,dfefd4d6fc6751f21be36b4c9536895bb6edd339,No,-,-
JabRef/jabref,4bf895b7519ca6544a5d4248d9d17cf7ea609871,No,-,-
JabRef/jabref,99281793c5a01a5407c02ad85b5e3e99f784ee6d,No,56b9a67eb569897bd4c7d7a26e7cde8b70d94639,No
JabRef/jabref,76850e785a8614584b78b7080862a3bb1286b583,No,e707c1f33f8732dd2f058818e4137b282504e5a3,No
JabRef/jabref,0480a89c32a9896ca45a90fb2bca64ff641b4795,No,298a83271af5fed122e793898c3abce4043ab8d9,No
JabRef/jabref,a52d4b75e6e0fc22c3dc5f949f86ff75cc8f414f,No,bfe11064730d09005f6428ad9e319a561dd1e307,No
JabRef/jabref,a74253e0bc468b4366e4e2553527757b54402625,No,-,-
JabRef/jabref,11163319368613b8139fd6e0bc71a1fa4d6b8163,No,3c2e3f2445a073979be41151ee896a890b8c4e6c,No
JabRef/jabref,72454e0d47a1d41d4c3c6fdddcf60cc67de6e3ac,No,43eb3ef4863c94b1e060045f9ca3321a3111a834,No
JabRef/jabref,71c63e4790ea84882445cf121039207a43fa2ea3,No,1751cba4d3a2dde892ac8472bb5766819b0a2559,No
JabRef/jabref,55a819fb7ef62b7b67734d217a0550ec8f7113d1,No,cd4c5cac970e2db631b3c7f11f336c9badd2d835,No
JabRef/jabref,bb011c9313367a28990ae213b3920fe6cd10d1dc,No,-,-
JabRef/jabref,1d8b3aad2f9ca4441c41fa6fa3dfac61e45cb5ef,No,ab3b138ecee59fa168d180d26df80e98947ff75e,No
JabRef/jabref,b8f7f48f8ba7a59533976b38424355ca366ac744,No,42925aa8d0562535758c906ecc126084ac6b8c70,No
JabRef/jabref,28d43875083df6d7fdbca201d7ec8390301bbbd0,No,-,-
JabRef/jabref,35c447bd8632125776e82b5ea29c74d7955de545,No,1e2b3c5e4e2b6fef78f70c1b2cacccd00a1d92d3,No
JabRef/jabref,92b7d7ab86bf5f5c0c3cd0af35edcabd5e4584b4,No,586d3e40d1f53cdf5f8bec9eba75ba1ca0a7a724,No
JabRef/jabref,13f59f00572d780f15138367746437a74b6705c0,No,1df1612e424bcbe23c2bad549e6c2c3e30e16beb,No
JabRef/jabref,9bed170c4d291446cdd4bae71399180d005dd0e6,No,64a827d8a4f360acdf4a92fb6caa1c481096c63d,No
JabRef/jabref,06b69050b89b4751159257272a247ebc2886b848,No,276f5497df8a08d78de99ab04537b3f9c9119d3e,No
JabRef/jabref,e486650c503a23d864555a151d55de41a4637547,No,55584086764e242dd459d760bc0a1ec401c93c21,No
JabRef/jabref,5018f6326725a46d1f238e9c79844f7580db8ce1,No,ef6d4e6f1bd780c46164fcf152fe7e5450f7fc42,No
JabRef/jabref,76be2a78f47178cefb995ee6a19aaba10c53a8f8,No,b4d2d511d180621efcd49ac1dfce05945d6de80b,No
JabRef/jabref,2bd4c4ac17edfb3fba5b6b344b40426289d63860,No,8d6305e3058dbf78b3dfa75067f35736ea564184,No
JabRef/jabref,d55b7ff7c84aee73369faed6e93d539e8bc403df,No,-,-
JabRef/jabref,932778ec72dad55eb26af250295a2d08c76f4612,No,e955c46850e4738830198a889c3f09870b88ab30,No
JabRef/jabref,08b28a247f84056f6df6f70d1359f05132349e20,No,477771d81a1201024c358cbca18dc716f2ad6baf,No
JabRef/jabref,863bf225595bdd686caf0d4a91dd38e92e5b56b5,No,01e7b4eab6d73b6cd52c6a53e7d1cf5f08b13f59,No
JabRef/jabref,3028d479ff00d7652760e3684d1fbc54fe7d2542,No,-,-
JabRef/jabref,00c943d756b5a0fdecd87fe80a24df4b88d8004f,No,-,-
JabRef/jabref,2db48bda09857f753dd4fd376ee6564ebfd5860a,No,5d23970cc55b250b8e430ec202d10bffad4b04a3,No
JabRef/jabref,2a11af042191d774cf7c68e84a2a372251721de9,No,-,-
JabRef/jabref,54717811520e3b725a484208fcc003abf73e9480,No,d31ef4dc71eb1692af84a36b1e9e747c2384dc45,No
JabRef/jabref,93c6f97dc4d17bcd2ab7c4990497fba72af46ead,No,-,-
JabRef/jabref,425a1fe318c4f547c42a81e905f9732c99287a39,No,7e33fac53e60342db118ecc3e7d9d52ea7e590ff,No
JabRef/jabref,6fb9251199e5004c2450d61bc67cd4b435752f5d,No,6f2feebec202b02149880a9f702c6a15d67bbfb5,No
JabRef/jabref,5e8857605e26343a2c4629547075dddb90d0e9d1,No,298a83271af5fed122e793898c3abce4043ab8d9,No
JabRef/jabref,ab7459883c66358a5d288f606137725eeae3f31b,No,-,-
JabRef/jabref,914d278c27c80e6427d0219bf04598bdcfc3fd39,No,-,-
JabRef/jabref,7dcdd61ae5cdb2ebc06e60ed6d507eb952e9791b,No,-,-
JabRef/jabref,e42498d6cdba6423237fd9ba0dad8910a5301591,No,bda81a4add5b793ee140ac08789e049285d00fdc,No
JabRef/jabref,3d7f8f314add1a48312b225381b2b7b105b7367a,No,-,-
JabRef/jabref,dae1c81e7ef32f3131c3fd3aba88d41054c62f7e,No,d650b2648cba0556c9876b27bc9ccc4d6efc0a7d,No
JabRef/jabref,cd0137f98b34135f68f5e98d088b4e97435cab80,No,434250d66f9b10845508ce70e2b6bfe766fe0084,No
JabRef/jabref,8674477a345ceae5de3ec8fe9959dff95068b782,No,4423d27999393da42a12b68d4a45009272599b7f,No
JabRef/jabref,0b55b3479d8d6df2eaaa828411f7ea8c7ba2453d,No,-,-
JabRef/jabref,295035a1b6122f92d87cf78ff21c10ca2d032dc4,No,2a7fc1aa0e2bc3edad3291e96a40087cded4da03,No
JabRef/jabref,02cd696c1c0de4d4b5f8ed305a274ccc46d0b0a1,No,d8ae5d7e6a48c15870c37cee93662cf16de56bad,No
JabRef/jabref,c1c8c760d9f09067c54a639726afb2577ed52746,No,e46b52945966488c636ceea0ca04d9c2bff01616,No
JabRef/jabref,7fb59498a9060ee4d82912c3cfb502e8382d7be3,No,aa0e98fb4614ee6660add20a8da67a146c55c04e,No
JabRef/jabref,1d7a2533833252da88274f9690cbce19b3e855b9,No,d2ddf938092bfd226f73cb63a61494a1d2dccec6,No
JabRef/jabref,dba8db5db07b072d3d261ba80ac1cd541bf862e6,No,6f5d4af58cd0ac9365147f1def40970563d31e2a,No
JabRef/jabref,0d7f855672ec323f2e977236ddd49fbb3c1d9382,No,43c8ba2ea27264f42fed4a96c9f4d24a54a97f47,No
JabRef/jabref,475b2989ffa8ec61c3327c62ed8f694149f83220,No,3d24714deb07978972b921025551d5328faff039,No
JabRef/jabref,b8051e3b6bad514a80f7b0d505eafe84155b6c10,No,16b5a3ca3669f48592e64bd23704e72fb5377ced,No
JabRef/jabref,42ea6bc9ca95caa17cbafe4cb057b5f9cce82413,No,6bb21d4291374b937ae134b66b567a1eec0c66a1,No
JabRef/jabref,1e644d3865bf9e74eb46417c47e536f5cf171f1d,No,720eeeb60d97f1ebd1aaa9cd9936ab56a8579cab,No
JabRef/jabref,ced4a0aefba4890848e9f96b4be084fdb654ec9a,No,-,-
JabRef/jabref,6c4e71c4b75830361960fd5041a3298f96386955,No,edd3f7cc1395ec197e329629550cef52b953f7f7,No
JabRef/jabref,2f5f2e5bbe2b42319736bd735791b0b3039096f6,No,3c1336dc0073c6c2718d140280fe886206974873,No
JabRef/jabref,ce0e8870c725ec9dc18e0d64a1d73d466dba4537,No,a09ab966784ac78df9b1d36479714f7514d15d9a,No
JabRef/jabref,bc56ab65256ca089ec4160405406bd7f65206c49,No,973a39d9fa61ad9149db778e27112ecaeb13d712,No
JabRef/jabref,cc38019dd91afca909c9c8028b60dcdb87430eb5,No,-,-
JabRef/jabref,10a2760c8921a83ee318974748b6265b9790d898,No,3a44c6957f6c66427645c7891dee6be92067cdb9,No
JabRef/jabref,1aa1ad0c9ef1db81ad2667efd1b21094146f9c33,No,-,-
JabRef/jabref,ce5038dd3fa029bed76df468393678423867451b,No,a4b6099bb254793d9da25bf0472769b72987d182,No
JabRef/jabref,2cdf085ca094e640073774764551296ff03d1f8f,No,9ab29d596112d3a68fd33b80c5bbe559e5d903f9,No
JabRef/jabref,daacd94e82a5841fa9c8b965877d14abc463328b,No,-,-
JabRef/jabref,9978b67e5bedb14d9440d7245915d116906c6fee,No,b0a124e2e8f488280ae682ed5375af982f47bcb5,No
JabRef/jabref,ed7ea5060ae9c854f840ae335117cab176c615fb,No,d6b5dcf3d2fa45eb5d114e9132b015cc5ca8b1a7,No
JabRef/jabref,3c1336dc0073c6c2718d140280fe886206974873,No,-,-
JabRef/jabref,ad6974145d86669e2eaddf60a1d3fbf4737a067c,No,8479f844ad6629dd85623808eaa977b984fbddda,No
JabRef/jabref,cd41230697708480cee69eebcd605c14f05d2508,No,a01754cab46d5b4e410caf23e80f81c39559d7c5,No
JabRef/jabref,5e256f5864b4936ed0f59fb1feb2e2d60c1ca640,No,830f59c86131b7385eb73b0c2c44067af7bb493f,No
JabRef/jabref,a0080baf58a0340f6b8812fd944d07b418bad9f6,No,4c64706b6ab0404b518cd1488f15cf03239c115a,No
JabRef/jabref,b2ad6eb279f5def38fa21be12cb5dd4545c1ba1a,No,537d8f78153b6550736f1ed3f412f86a51fb2812,No
JabRef/jabref,1283f9ff04c8cf927bb06295d34d1bb31ed48a90,No,4ade0000c887712be37969bc0ebdc0187114fe59,No
JabRef/jabref,6903e0ea104589086745a1568cd010f17cfddd93,No,bdfc99af09c6d362d35e28a2c40ca1b0fff15dce,No
JabRef/jabref,544a2d55ad91bbadf854681d2a538d38b24a4fce,No,ef088e2fe126b71f4a856966073ce83ee8db0ce8,No
JabRef/jabref,3d7f8f314add1a48312b225381b2b7b105b7367a,No,-,-
JabRef/jabref,2f0dc35686a780f63f098250cf7c755141b953ac,No,-,-
JabRef/jabref,9134777018a343efc2f27b476195beb65d420aa9,No,-,-
JabRef/jabref,06f4133527e6010eefac6ce9da57118847cd80f0,No,-,-
JabRef/jabref,89f855d76713b4cd25ac0830c719cd61c511851e,No,077fdacc2ddc7beb7d22ba96ead8b400c91b3631,No
JabRef/jabref,ffdb88d83d72cf102ef3d4d832800ec326cd88db,No,-,-
JabRef/jabref,9602d99a1f30230ae8b34a4141d4c3e4a449a09a,No,a6564cb4caa407c8fc83e5bced84d1e69772f3e0,No
JabRef/jabref,733da312471c3abab691d61eccee061962357e1c,No,-,-
JabRef/jabref,a3c5d762e870226ec95e33d5989d4f617bfd5435,No,6413e5fab85464f6b59cfcf51665de4dc276f465,No
JabRef/jabref,f7df2754e03db93b2c2b051dbe9240cf18548503,No,488ef2e2369f8d08cd25e9bad0a817e6f3f6522a,No
JabRef/jabref,afe0d0c74b1f58ea44857d6776c698c8949223f1,No,cdb2de623999397c9909aded4deb88a9f3c46239,No
JabRef/jabref,ede4dc8ef3ffbcec2400557b8579c37330dd67d3,No,-,-
JabRef/jabref,195a17290a37ad7f75769a0ceecccaca76eba051,No,-,-
JabRef/jabref,4e30b97b172700602f58e2e220cf31f3abd831f1,No,ac3cfd030bfd47de1b86dd157ae27abc27137ed2,No
JabRef/jabref,c6aa7dac3c76cbbdd5142cb43e084ea32e89ec47,No,7ff7cbe88569c6e7d6f3c7daef364992437378d5,No
JabRef/jabref,2abf651271db920204011f6dd4253b916467d655,No,-,-
JabRef/jabref,e3b2ab2264d184fafdf347d2ac3cca59b7b9c0f5,No,46d2c7dc2c0a584168840550808e4b2fc86754c6,No
JabRef/jabref,9ced996998acabe7437a12b7983036000a7608ef,No,6269698cae437610ec79c38e6dd611eef7e88afe,No
JabRef/jabref,c004550c19ed9a58de5f6cd860174625314b5f1e,No,be54a1f320f07b8b5ca27cba26938f9c0476bd1b,No
JabRef/jabref,b5c41e69eeb310aa853ea86aefdafdc53600bb4e,No,-,-
JabRef/jabref,551cb91be8370e26dfffedb5ca6414b6f51342a4,No,0235f635293e72692c8766af5d449258ce87b1d6,No
JabRef/jabref,df98c31027100f1dfba0de533129261dca4f79c6,No,-,-
JabRef/jabref,fe90b1a0e2b6179c78fcb03bef440ab60a971833,No,-,-
JabRef/jabref,ad9aa62e64fef703a80ef6dcc806b12d55f6f586,No,e73dd2e5359732363fa0842d22850c66d93d1448,No
JabRef/jabref,ce7293dc4ea0ba8cb56deff62419ac6fe0ea11fe,No,f5a8f00a892f46ee6f3c8e5cbccdec9d1f36dba7,No
JabRef/jabref,4f877400c57953feefb4ea77adc14c35ede5613b,No,9ced996998acabe7437a12b7983036000a7608ef,No
JabRef/jabref,81e6e8ed6d0722a5d685fd52bb0bdd617f811c74,No,-,-
JabRef/jabref,ce602e0ead1537f949357060a325fc7a7b9bf9ed,No,a4e8b7051220f8c58942319a552858a4a9975981,No
JabRef/jabref,e1cfec9c59481ba26f6cbab1da88b98a5437c745,No,a8723338ff737e74f1d6153ab9d1a6c298960c59,No
JabRef/jabref,144a37d10e955d8a27ba8e04ef000d86947cd5f0,No,05a0ce9755d044557d97c48103d02bfb6b43c1a0,No
JabRef/jabref,16f0e54d0620c2377c722126f6390c53bd4472b7,No,c4c0a23090bcd76f44790d4eae78d1633e7bc2aa,No
JabRef/jabref,222d214e3e6f70912d7dc6ba5757330d2578388d,No,144a37d10e955d8a27ba8e04ef000d86947cd5f0,No
JabRef/jabref,e50566aa00e42cfc459d27eb3ac13934ce5535d8,No,d1fb9e2bad0bb7bb8a78b14ee2417e7a3e2bcc18,No
JabRef/jabref,555944fde3d6b55bb67be23b435878f4328ab40e,No,4134ec424c7e81ac379c697ca79c61a999812f14,No
JabRef/jabref,f356f9e54a2d621163f5ee5ef56ed657b0fb99b4,No,93196eeb819024079e94dd1eea3b22af993723cf,No
JabRef/jabref,5d797b287fc1aea0ccd11a2ae2244b923ce63250,No,f5ed5ac4d3a2044966ab4df90430abf48125a2d0,No
JabRef/jabref,1797af8e3bcc6105563b337223e5257abc97ca35,No,-,-
JabRef/jabref,0d995d6978be9caf30b68209f96490cce295691d,No,973a39d9fa61ad9149db778e27112ecaeb13d712,No
JabRef/jabref,021a0f61b055596f0c8fad40de98725da3793e33,No,c4c9c25621e9e7311e09ed5769d00d0634c5bb23,No
JabRef/jabref,84ab6974feaa3c3379e35d5a68ad6faccc57152a,No,-,-
JabRef/jabref,536ab2d1232fae051b2f6bed9646507d35728551,No,-,-
JabRef/jabref,79a330ebfe8c3df4ee057726e0e4029675d4e870,No,109af28c9a23244534fbd14fcef64eb92f6d1ed0,No
JabRef/jabref,ca16e86dd8bb16b7051bd1f0b8ff615acdf36524,No,3de6c7b7769587d972ff45be75656c079a4eafc1,No
JabRef/jabref,edae43251066eca8a2a0672f7c97838d35039d85,No,e830f526bdfe2d7879fa693971b298a4215c7ba4,No
JabRef/jabref,1d7a2533833252da88274f9690cbce19b3e855b9,No,d2ddf938092bfd226f73cb63a61494a1d2dccec6,No
JabRef/jabref,f5cd03bf3540073c12bc9257d228fc96006acdcb,No,58f1db59f646be975372ea560b060b55907aeee3,No
JabRef/jabref,8374693f49302d9c1489a0d9b633ca73825c7b79,No,-,-
JabRef/jabref,06771c8dc482015b5e9693b1f7a28e4b0830e079,No,32045b0f8a258287e0fba79c3e108bdec835f2ca,No
JabRef/jabref,6da2be6fe3fd4fa0d98bf6d459f46c333784f409,No,793ec23589313251bdba08ceb1a3e17757ae2846,No
JabRef/jabref,1f14795b20eea9be44a0614afe5b8a2bd86a7c0e,No,618f6d29c4f3d79b0e73931b9e499666c75f458e,No
JabRef/jabref,f3ecde140d7c34460dac923f09255590afbb1789,No,7ace79be08f9b4a5dbfb03cb49da05101d03ab70,No
JabRef/jabref,1d7a2533833252da88274f9690cbce19b3e855b9,No,d2ddf938092bfd226f73cb63a61494a1d2dccec6,No
JabRef/jabref,a55f1d510735054b6f145764ea310d68aa3d0e5c,No,8b59898eb4d88a7d1ff262e285ae063697e2abe3,No
JabRef/jabref,4bb003344938bc12bdc5898b9c2be7baf34d64c5,No,b61cc98e5dd4e14c43cd4fd1afc1735b8cc98709,No
JabRef/jabref,1d7a2533833252da88274f9690cbce19b3e855b9,No,d2ddf938092bfd226f73cb63a61494a1d2dccec6,No
JabRef/jabref,6a26798aa88d49e72977cfbc464324baa73c9d0d,No,42666964dde83608365e9399cf47c35995b25639,No
JabRef/jabref,85363d077e42c28ffe7b3cac7cd854c8c8786273,No,7ef2b3a01687648d7cdeca1498551426117bdf84,No
JabRef/jabref,b06e4432a6de4a925385fe63eea8aa673c739cd1,No,0a6c0523782b9aed842a5161ca736476db33e817,No
JabRef/jabref,b8cd026d36ea283814b3fa66f1d8149dcda44cd4,No,b355561ffd540be909671c9cb53be6a1346f097d,No
JabRef/jabref,7b07f9ef1cae746fca8e4507290c2a01feade4c8,No,da2846c84c090c25efd74e6cb0ac3c3a145153e1,No
JabRef/jabref,84c8849e045d1568a4f088dc09bc51594a367d61,No,07cb5b8921a41dd6436f32e305117377f109e829,No
JabRef/jabref,0ae726908601afb755bb858d5ec289c37e123f95,No,-,-
JabRef/jabref,51bff244c44a88fa95614eff6c66e01d70a2c109,No,237aa1b3daa407e8a52f44edd73ffc6f16dfb12c,No
JabRef/jabref,424cde8ce18ec2501ddbd68988946c8253a1d494,No,06943e2b2bc4cf84b2b344fc1e24e2d4091ee743,No
JabRef/jabref,babad7801a9810dd4a85209ec38c1fbf31164474,No,1d2ecffa1b07d930c0ff936e2574d102aaf7255d,No
JabRef/jabref,f5a8f00a892f46ee6f3c8e5cbccdec9d1f36dba7,No,-,-
JabRef/jabref,dd29a189e033c900769fe4256eaa9967575fcc4e,No,-,-
JabRef/jabref,3669fabbe4cb0d3da2ecb3496e4de13e448ad2f1,No,e38c3262b82928b05680103cfd030baf05c4a201,No
JabRef/jabref,c4385545ac252cd6330628b48b1aa044877de910,No,fb207b23881afaa729802b48fdaded7d8d337ef7,No
JabRef/jabref,bd69b33a8d11118e02830e8a29459af15f24cfa7,No,-,-
JabRef/jabref,5e7dd76c13f0fd16c23c453268f29d35c819d599,No,a30704f6db92de42495f286bc7cd4c2a3b56bed6,No
JabRef/jabref,a6489cbb04d6ab59283c3c1f863dda2e3a504e30,No,432d7430d57b59f2cc65c42e09f604e174b868a2,No
JabRef/jabref,05a02110aadc81b70ed172c8c93141c4a87df8b8,No,-,-
JabRef/jabref,4f1f920e973aae5c13573a2b466a1e4304929582,No,-,-
JabRef/jabref,31e57e2b2857d5187f39889242edcf801b36e186,No,-,-
JabRef/jabref,543c176200ec793d1272fc65fd763492ebd3105a,No,c609376cde654af48475f6c40322bfd9a51450eb,No
JabRef/jabref,444fa419d994ab231b4c22a5ba40bc090afe1e26,No,144522d61aa286d4604f7ea41c6869786f1161e4,No
JabRef/jabref,94f964c26b2ff0d13ddfb5fa19fe4e18b937750f,No,26d1e2e07d667f376e024a3566e4aacd92455254,No
JabRef/jabref,42ea6bc9ca95caa17cbafe4cb057b5f9cce82413,No,6bb21d4291374b937ae134b66b567a1eec0c66a1,No
JabRef/jabref,e71ad296d40ccb8be3819fd274aa5eadbbce3994,No,-,-
JabRef/jabref,f30aef36338332c39b97d4356a392f79cb1b2207,No,d12392846eeaec32720de4133162131ed59bcdd0,No
JabRef/jabref,4a6f1915595e0bb5f5a0af558f434a10c618f6eb,No,e988335e84f3c830d33f0b8c5affbbc5d0f56142,No
JabRef/jabref,242a494484b7eede94d2c7248ea88d98378deb01,No,973a39d9fa61ad9149db778e27112ecaeb13d712,No
JabRef/jabref,7b784586364cd804110fa740125218a942ed7c5a,No,57110ef7bdd582184bca297dcb1315dffe00f52c,No
JabRef/jabref,acf9c87e7cbfb81129eb7d756a172afadbf89c06,No,-,-
JabRef/jabref,1d7a2533833252da88274f9690cbce19b3e855b9,No,d2ddf938092bfd226f73cb63a61494a1d2dccec6,No
JabRef/jabref,95aff28cba61dd584246ec62383f124daed6938a,No,7e757af78a28e586ab4683d44d147408c2dbbb2b,No
JabRef/jabref,a1883824126d829d9f50baed3b23836411ced0b4,No,cb8fb55dcabf27319ae2c03d64ec108e85b78e39,No
JabRef/jabref,6dfc2e00b4fc1dd76f4865e81894e2f7b2e50968,No,51a1569bde2e2bd547463c157594888757b50b5d,No
JabRef/jabref,0d825061c2b28edd588d293f5aaf3d576aaf8305,No,-,-
JabRef/jabref,34811309ef89cb378f9342a969c5d703aa9ccc29,No,6175988ea9bfe990acc87a722466873ab97d7ec6,No
JabRef/jabref,dcbf51063e027cc06dd3d2f1bb1ef578a5031300,No,bc3d2234e62e15cbeb1ce51c0c0863a226cea24a,No
JabRef/jabref,47b949a80902239fabb664b2561d25e88ffe17f2,No,973a39d9fa61ad9149db778e27112ecaeb13d712,No
JabRef/jabref,bc26c3ac5a3f3e0e7d806ac3639bf079c98441e0,No,b714206282e064ef4e839b35a8063c165aff9570,No
JabRef/jabref,a90ee23410fabbef12c8114885f2cda1c226de9d,No,-,-
JabRef/jabref,86568c99875ef711e8493441d23876419898a448,No,36ccd643440fc78c734b6cd0fee95be2bc61414c,No
JabRef/jabref,3143190e51ccf4a2abdc0bf0799e9bef1d688f19,No,-,-
JabRef/jabref,a52d657226b2e4d3b25627e968e419362cb69923,No,020f1c4e9ae530fadc241256512e91e4d45a75d9,No
JabRef/jabref,5b34fe8d30cd203ef331f4878b3fdbe104fc0ad7,No,ec81fc65253196716428340addbfafcddd3d2b55,No
JabRef/jabref,e4b43400d206129de8b8ebae8dcefc20b0dddc58,No,-,-
JabRef/jabref,d50adc1fbfebe8417e2059aac708100940d7e63a,No,c94bb1b436b835bf4b15a1e0395a2813e71f2bc0,No
JabRef/jabref,d972f454851c329f2fd303ad35c19de92d3f337d,No,-,-
JabRef/jabref,0b27086b5b8548e324d35289a512eb2080ff0148,No,-,-
JabRef/jabref,7597821ddf6e5da71c196575ceb0e9a3749733dc,No,-,-
JabRef/jabref,76850e785a8614584b78b7080862a3bb1286b583,No,e707c1f33f8732dd2f058818e4137b282504e5a3,No
JabRef/jabref,1d7a2533833252da88274f9690cbce19b3e855b9,No,d2ddf938092bfd226f73cb63a61494a1d2dccec6,No
JabRef/jabref,2234f78fea254ad124a0e0c876952dace80f7b9c,No,d88d6c0db689da9b885edbeee27980406a0e5e40,No
JabRef/jabref,1d7a2533833252da88274f9690cbce19b3e855b9,No,d2ddf938092bfd226f73cb63a61494a1d2dccec6,No
JabRef/jabref,5c9df5a85739bd15b2cf769f6b825eb6e9092d65,No,-,-
JabRef/jabref,e0460ddf9485888aad9c882769eace2d8a74b192,No,bc2fc07c8be623ce57f2ce84bc5e78c40f985c67,No
JabRef/jabref,aa60dd67223cb3cfdf5ffe8446f8baf3f329c1c2,No,91ecadf9a2435d3d12857dcbff26471baf6b42cf,No
JabRef/jabref,6701a9e7cce8e0d2f9b5d1cf6d8f1ae34a2deedc,No,b385fee1bd1e38134f3ddf6e3083f44451df96ea,No
JabRef/jabref,79d3baaa4f73cc1cb0f9210e197c21dadb5bcd95,No,67afbbaebd693c62fcd63c88063d67b9056faeb0,No
JabRef/jabref,12fd78c0916ae83adeb1876d31685ea4ca383aeb,No,a2a59b4c3a7ea88ca2b9a5de084f02ddf5607249,No
JabRef/jabref,93c6f97dc4d17bcd2ab7c4990497fba72af46ead,No,-,-
JabRef/jabref,61f1a3f53c45295e0fc134568e0d20b932bc8feb,No,c609376cde654af48475f6c40322bfd9a51450eb,No
JabRef/jabref,ddce5735b09cfec22ef55d15431582f19cb54208,No,a01754cab46d5b4e410caf23e80f81c39559d7c5,No
JabRef/jabref,b47c29fcb75a3ab47c8aede6eeaac7b2ad44db08,No,-,-
JabRef/jabref,4d8e4f0e1782af33e6e95c6ad6990b06d4e37c32,No,e955c46850e4738830198a889c3f09870b88ab30,No
JabRef/jabref,123f2e691576f170163538d8151bf43c5acbea78,No,-,-
JabRef/jabref,03b028ccb342a404dd2d1889fd68a6592dfeb113,No,bf58c52378ca070dedfafece84a9401f5f17b3de,No
JabRef/jabref,1d7a2533833252da88274f9690cbce19b3e855b9,No,d2ddf938092bfd226f73cb63a61494a1d2dccec6,No
JabRef/jabref,220d65432fe5aeb7691e3fc32068d57862bfa248,No,36bd6c9033c0fe0d5621197e8c4d653c4b6f3ddc,No
JabRef/jabref,fef1b8afa3842c52b0310b2c58fd132f73246c7b,No,f9799d44dbec3aae6acee8b929ed7d69edbccba9,No
JabRef/jabref,db343dc5702ffb55885916e8409778b7cdcc2256,No,3cb8068f43ccbf6a7d105e3c5339099694afff27,No
JabRef/jabref,bab9ae819675775b480f5335b5035fdc5dcac2d0,No,-,-
JabRef/jabref,b2e4eccecf6667c0dea8cc489948bfad85af4da7,No,3d790e215cb0be23d96bcf4d2b73de23eb0abf07,No
JabRef/jabref,8e0ffe11d1ba4705ecff40bb5854859b4be29f57,No,2415c3cefe474996042ef109f769b1f3b3ad17d9,No
JabRef/jabref,24d56133361ad6b759c2b8f9e86b394ffa229428,No,cf2a4104a4fc137597ab667f5e274350aacea030,No
JabRef/jabref,9943074686818ca42688882be01b0e68de38d559,No,d8ecef5d1cf10f5259bd1f35dad9ecda590a3169,No
JabRef/jabref,e955c46850e4738830198a889c3f09870b88ab30,No,efdd24c592a212a81e7f91164fe0d2a914cc5e09,No
JabRef/jabref,9d60b2148e21dbcf5561565c5cabe5a8f7ab9320,No,e1c1c9a229d40902e60d703f6cd9a17cecc213ac,No
JabRef/jabref,e1c1c9a229d40902e60d703f6cd9a17cecc213ac,No,458ee7999699b3489684178605c3f8f55294fd63,No
JabRef/jabref,a0c7a86dc244842dbd9adf328260fd1c3dbb065d,No,-,-
JabRef/jabref,8095f46a6e21fa98c7445f2a77f707a679a41a3c,No,55a209200636507640ab1f84cf13ec729659d164,No
JabRef/jabref,bd5a440296ab77fa7dc210bcbc5af9ee4e4d4365,No,4e50f63af0168a9def54a0aa178f83e476c5f304,No
JabRef/jabref,fc9fd678aab9e5dff29fc5f173b2aa43c67c2428,No,-,-
JabRef/jabref,bcc200c4c37cbbe67ea41ee5be1d1d173b2aee22,No,d95fedb55e3fe14def17efa8fea2764a38c2ca72,No
JabRef/jabref,036f4bf7f177612e7b308b02d917ec4b1490dd97,No,d303aff3a8cded12cf943e391254ddb42a6f52a5,No
JabRef/jabref,0d825061c2b28edd588d293f5aaf3d576aaf8305,No,-,-
JabRef/jabref,982e56599838c0f23384089e3311b57df4dfa139,No,5f0a94a2fe67046cde3245d676f5cc631c414309,No
JabRef/jabref,a880addc0b9a45ad4461cc46ed261ea7df9c812a,No,89ee88513c0012a776afa5d7dc5af14e01e36852,No
JabRef/jabref,abfb9418647c01f62d23fd1b88eebaa1afceeb05,No,4f4c6a07f52fcce59a62886e1ce6450484696967,No
JabRef/jabref,0eab5dcdf3c6ce37944e38025a11c83749517ba5,No,f5f92f9373da99e47f469cc8512978443bf6e57f,No
JabRef/jabref,c2a38de4db72553e4012fa022c679b234b00516e,No,-,-
JabRef/jabref,961ce3032ca8383c5a0b3d0975a15c439b38c16c,No,-,-
JabRef/jabref,74a4edb35e67a97c5b0ceb32be5a4bb1723d8de5,No,dc672c6488cfeae62572a033ea88e7f5b296f2c6,No
JabRef/jabref,a30704f6db92de42495f286bc7cd4c2a3b56bed6,No,d2c5e23bf3d0eb8ecefeeb6fdafed4bc9394636d,No
JabRef/jabref,f2744d43c1d6147f1f367e74af6e3631609ec382,No,dc93905798db8ef1a096e0c545c0ae9865270618,No
JabRef/jabref,fc1e4baeeeb9e562efaac0cb5de38460e1a0a911,No,-,-
JabRef/jabref,0c0db9047644962b4faa23fb2b6406824a2db9c2,No,bf09514de65bd6d2d781c64b50dea37a230458d7,No
JabRef/jabref,2c7ea6027c86ebe6bd2d8016327e975989e1a73e,No,41aa7e75869f996a3361dd6229823af8e165ae3c,No
JabRef/jabref,d944eaed90d080c0590960aa440f29d0e9585254,No,164843bd45eb6fec25367a6246e661862ed38c5e,No
JabRef/jabref,7671b80d972c2c30ece9e93c3db0c9fa98974a21,No,-,-
JabRef/jabref,42c2ca41a9029d9ea8141652cf3e2f5b3970b0b2,No,a8de00080a385deaf415cffc24d8f3c95c07a540,No
JabRef/jabref,ba54f9fdc30f6a4ea5a1bfb006bbdf3d090e0266,No,-,-
JabRef/jabref,0a7a718a658742457690bed4320249d438e8bcc2,No,-,-
JabRef/jabref,6a4a4f4a588a3aee6041a3fe0141908dc3133148,No,90276f357e40be312283223832d48388eb44b5a7,No
JabRef/jabref,a88c20201f4e564c8515913fbbd73b86429d417d,No,9b9cb46c3febb6ba7dd60ee600af88b110351a5b,No
JabRef/jabref,1ff88cb07a6b31b12268d5901c3ad1e689ab597b,No,-,-
JabRef/jabref,91aaf2b7c346c9f37165b2b7bddfa275dff3005c,No,3310a2392c49341b5322e693d69ede0c4d1d1039,No
JabRef/jabref,bee062c6a095963cc8cbd74eb429b477c8dbe209,No,-,-
JabRef/jabref,c928e207f198c87838d8adb2b3fd16086a3c10f0,No,-,-
JabRef/jabref,26d1e2e07d667f376e024a3566e4aacd92455254,No,db3a13ff8809837fea850ee783309a3b021e39eb,No
JabRef/jabref,e8daf2606424155acfd0b87aec0e7c2eb033943f,No,4c7194a39bb0487de0afa3ec3717d048ebdd6472,No
JabRef/jabref,60f5c1b92f6a8aec7d31de0a4116e0f4a7fc65b5,No,-,-
JabRef/jabref,8d1bb00890d7fddacfe6d9e1e88768edef192be5,No,7aa8052a62112a7b7e264c8b88fe6cee8003d344,No
JabRef/jabref,ca6bc18b3ca563f0bc45e8b8184a4080273d6c78,No,22690af1c814042483964ab100800d8093860c6c,No
JabRef/jabref,93a9efd9db19a711da26df8e44245d547453372f,No,a851fafdcf0d88e70c1c54a30a955f13a1f48541,No
JabRef/jabref,5b2752211dbd99bb14f4db56cbec1351c6ff6854,No,7117b6197aa6f69f6b8b25f9452e875c9051046b,No
JabRef/jabref,26814fe199985887690ecec9c49c8e895d462563,No,e17dc8e941030d7bc82af07af688ab7302232966,No
JabRef/jabref,dd96a7ba6bc5f99d247d9a3f31e6fd13e98fa44b,No,4ece35bb4c886ad4c05c38dd8392f681abe15235,No
JabRef/jabref,0d7f855672ec323f2e977236ddd49fbb3c1d9382,No,43c8ba2ea27264f42fed4a96c9f4d24a54a97f47,No
JabRef/jabref,e994a8f5f2a01629ffbf2c4a99e806f437571217,No,42af93a2a42c7e6bf03ea492011c2a06f06d7aa9,No
JabRef/jabref,1ebdea452d5ea07f933b90b55b06df99ee57e13f,No,a16e6123d4dbf0827e8080421de0e0137b5072c0,No
JabRef/jabref,db9e4e5a723165d19849d2a3f3baea3d3cdc68f0,No,-,-
JabRef/jabref,d1484f89956f1eb694a3b9eb6d52bd9b66ebafa1,No,373b9f5f582729f2e5cb12d03f139eac67d4c7d3,No
JabRef/jabref,5be2d8b58864900f7ef665588136213bc80d80b6,No,462bce4b4f126e79b7e1084aeff985b70bebab41,No
JabRef/jabref,1d7a2533833252da88274f9690cbce19b3e855b9,No,d2ddf938092bfd226f73cb63a61494a1d2dccec6,No
JabRef/jabref,b1338b168eeb73f7fa4fbc5967dac8783f2cf821,No,-,-
JabRef/jabref,9738afc5dfc7f3e40221243ef346e3076caf2f08,No,7479e5df5e754c75ea5abd612ef64ec79c87078f,No
JabRef/jabref,06514bd61616fd877e01f2e089a388c4e3c0d5f5,No,a7639aa39f6ce9a0e0069285c6d433414b683511,No
JabRef/jabref,48f5293dca7bf19a027e64ea6ea64cf0f2d3734a,No,147c4eedb99ab03cc1f27b7ecf9af98a36b6f904,No
JabRef/jabref,6718c08cf5ace13365da2ce4c1509e4817eb34bc,No,8925c1f88aed92cbd4df8aceadbbe0aba89e1bf8,No
JabRef/jabref,35b06838695985105c21f99989c6c54b4a107e68,No,10925711761fd86fc58d8e11fbd56503d31f72f2,No
JabRef/jabref,2f3c47fde08ded07a4c6ebc7f1eca9029b3cb41c,No,4134ec424c7e81ac379c697ca79c61a999812f14,No
JabRef/jabref,c29cd55289e6c84aab862beadf921384218701de,No,d91cf2ed22eda458aa8cd6017908440159aa5489,No
JabRef/jabref,ccf20b4e3c8bde51a2e1794b9977243d9cb733d9,No,-,-
JabRef/jabref,16097e40e3f946a1c5de7a4e5cdcfe89c60c60dc,No,e13d7f10b23e3b03c9f6425704ad46a973c90023,No
JabRef/jabref,3143190e51ccf4a2abdc0bf0799e9bef1d688f19,No,-,-
JabRef/jabref,e0460ddf9485888aad9c882769eace2d8a74b192,No,bc2fc07c8be623ce57f2ce84bc5e78c40f985c67,No
JabRef/jabref,cf9fbb0d8abfbc99a572c099e45c3f4e82b8e35b,No,829ee6103f0b7e2472d3bea850a9a80efd9678ac,No
JabRef/jabref,ef8ded6cdcc5baa3fd2c221b415489a0a6392151,No,-,-
JabRef/jabref,6a2e03fc036d0b250ac2b85118b0051479fc1109,No,c2d1ff9dc3536ae3cc9e7eb461f7522d374ef1df,No
JabRef/jabref,df47b22db35d96b4dea89bfb41a7adb56c0f063a,No,61e9425a59107d52fd719e1d57a47db0e0a74701,No
JabRef/jabref,0c439de3d94a3e85291f51be174a529c3985602e,No,ae43548c16ca35b9a83a2d34864557cf503c0df4,No
JabRef/jabref,46b73391c4d7f0d8ffd3f44dd05397648251bc3e,No,456241c1624f549dc0b1453114b2fe0143ef2212,No
JabRef/jabref,dcec4e2418530a2d0dbe57360c7636d8eaad9b0d,No,-,-
JabRef/jabref,42666964dde83608365e9399cf47c35995b25639,No,d46fd5c84f7c2a3f7446e425318420507947d475,No
JabRef/jabref,c47d2a468a798c6ca83b8080e1301513717b1fff,No,-,-
JabRef/jabref,44163bfe151a6a09b8f1b355698a1c550a41ec16,No,-,-
JabRef/jabref,db6934ebc4d80d6268c99856d532ce8f14d8e927,No,fe2ceef955227dd6b7b753a53310552ab12938dc,No
JabRef/jabref,e4b43400d206129de8b8ebae8dcefc20b0dddc58,No,-,-
JabRef/jabref,67f67a15419466ab566e4822af2561cafb61b9aa,No,d5922d963aa46f5f1ec0bb747ff6221b8d56aabf,No
JabRef/jabref,7e757af78a28e586ab4683d44d147408c2dbbb2b,No,afacd9d41080c81bc74fed50c2d15e5ec647cb1e,No
JabRef/jabref,1789cee39083967b9e1b52fee34f433cc7625cd9,No,7f1c61b854850ca39415ce4eb44e9908a97fc5eb,No
JabRef/jabref,9f2418bbed23802a4c828a934d8cbef5bf5204b4,No,d92c2d7252b1acb79c87b9652ce1d78040a49432,No
JabRef/jabref,d1307a8bbf5471f0d061e6e66222b42aff62de53,No,-,-
JabRef/jabref,ef088e2fe126b71f4a856966073ce83ee8db0ce8,No,4f1299e368be7f09a2c4e1cea67b730e59bd482a,No
JabRef/jabref,1d7a2533833252da88274f9690cbce19b3e855b9,No,d2ddf938092bfd226f73cb63a61494a1d2dccec6,No
JabRef/jabref,1bec5efd35491af6bc413eccf7593ba0ed4679f3,No,e62af1ffca82980442c955255f326aea40e3a27b,No
JabRef/jabref,c567fac2eb3efffb64a4789202f917ed15304de8,No,8abf3ed88406a761aa81566ca395dbb74d6489c6,No
JabRef/jabref,2ad080bca366ada946ad2100a90facbe28420c9e,No,-,-
JabRef/jabref,daedc8e015fafba1e3482a1e15c2c6b360cfd864,No,a55b3ebfe642158d3769e8338bc6cd5b97ea436e,No
JabRef/jabref,7f4c36c03629498db8e56281906241a82846e1e3,No,43c8ba2ea27264f42fed4a96c9f4d24a54a97f47,No
JabRef/jabref,16113d20cf47fa03df4fe7254074a1fdf92daa15,No,c8f5905183d254ea22c83009dfd2e6ca8dd5e704,No
JabRef/jabref,ae43548c16ca35b9a83a2d34864557cf503c0df4,No,7672b2de95aea95b92d47cde3215ffb9f96aadcb,No
JabRef/jabref,5e256f5864b4936ed0f59fb1feb2e2d60c1ca640,No,830f59c86131b7385eb73b0c2c44067af7bb493f,No
JabRef/jabref,57281d279a258b49456183d641ea1cfadd6c006c,No,-,-
JabRef/jabref,c2fe38881fa21854788ccc76f470747ff73e905b,No,d6efa60c7ee1aa4396052e8505dd5b3feb8e7fb0,No
JabRef/jabref,f43ed43df3b90666b684e66532ce266e1476e5b5,No,-,-
JabRef/jabref,925a0c853454f4e12edd7aae55f5170cfb67cd74,No,f4fe97b93cb166da459d1301f4d11f0a99d6635c,No
JabRef/jabref,b5bcea4506b034975de3363a12efb7d56caa9f01,No,a0ca87530991900db5b34df3683aa010dffe97c8,No
JabRef/jabref,bfb2680a0ba45690a9aeb0b60dcae337932566ce,No,480dae7f647c1b29a7670434724ec964f402a485,No
JabRef/jabref,71ed32e4b2de69efa760f69d4a701a0055098fe7,No,-,-
JabRef/jabref,94f3d138ab452bf75072736eaa65cabe0bf06d13,No,0644d46a6947cdec1732aed7897056a4d034414f,No
JabRef/jabref,774da9fe03fc339e6c53c02f47700c5dc46ac078,No,-,-
JabRef/jabref,42fb85cd43fa65b1cb59f09e932e7a35cb527b8b,No,0a2a82821ec12d21b2cb4f2a24cfd0bdc4152012,No
JabRef/jabref,a0284e1c61cb465bdd9069e17c61f181028a0bba,No,4c7194a39bb0487de0afa3ec3717d048ebdd6472,No
JabRef/jabref,47226fddba29e42829c74529ac57decd4fcb245b,No,c51ecbee9bf05802169784b99d19c624aac28d5b,No
JabRef/jabref,538843ab24686518f9840fa41b7906f53ce2c495,No,-,-
JabRef/jabref,8abf3ed88406a761aa81566ca395dbb74d6489c6,No,4da74e5a4ec1e69942ee7f8b1d532d818ff4ebb8,No
JabRef/jabref,3c632e39ed58ae805cfdd54c9ff0ee404bee1b6b,No,-,-
JabRef/jabref,c6aa7dac3c76cbbdd5142cb43e084ea32e89ec47,No,7ff7cbe88569c6e7d6f3c7daef364992437378d5,No
JabRef/jabref,94ef6dbcfb7250d29708dd11fd295b2ad85af112,No,dfc64e27e5cdd44aa861f6d9ff0858642538f76b,No
JabRef/jabref,7a0a93cd4e258904c119a57947d0f308384f8bf6,No,246d9fc362a984b45599da323c54087828983971,No
JabRef/jabref,d320975443b3fe87801415084b9cadd4833473c0,No,-,-
JabRef/jabref,64306e4e40d72a52ba0f7fd58e1a4733a61d9b77,No,e0669b5d8a5d62533de688b75e58cbb52cf327fd,No
JabRef/jabref,d850ee4c92c66331ce2dce8422a6e57af887a571,No,-,-
JabRef/jabref,77e3eb64e25227e6c631304d057a35abaf8bdcb0,No,e637867da6c9ef8a7053ca280b914d60fb96755b,No
JabRef/jabref,31467beb777ce8cd7e5d9db7961f7a0a6b7878e1,No,9b7fa3d4a2701aa3d2f84e4d3494f8357d68f597,No
JabRef/jabref,9ac0e67b99367cf742f1d963ac4375a3cc201beb,No,bf73d604d6a164790d55b3b6b66667560c5d6fa1,No
JabRef/jabref,7d66c25c92e63ffe643cf3799e0558a04bb8c315,No,86d03935c29e93e804e87f3d220de86e922391ea,No
JabRef/jabref,c517c6f4b47de723dbe17034cb2f26f335009b6e,No,-,-
JabRef/jabref,3f21c0387faa792705ef8956c0aab574addcf82f,No,c47d2a468a798c6ca83b8080e1301513717b1fff,No
JabRef/jabref,76cef63d003ba1f87d74ba3f46c1731d12054b1c,No,b0352a18f04d34fe8738d025dde1906cce220ab5,No
JabRef/jabref,14250364557eee6369271889fcafee6ae3347808,No,-,-
JabRef/jabref,43817fd2c51a2e3fb03beca43be8d65e6f1e66b9,No,5b34fe8d30cd203ef331f4878b3fdbe104fc0ad7,No
JabRef/jabref,1d7a2533833252da88274f9690cbce19b3e855b9,No,d2ddf938092bfd226f73cb63a61494a1d2dccec6,No
JabRef/jabref,07bbbebaa78401f3ef7442b95424b58af414201a,No,d0d3d5ec51a4615799ec017d70de75b7dd52a886,No
JabRef/jabref,348d2bd0ea30713e5b372ac17980a8333f3b2969,No,a1ef245d00e87c6672ae5cee7167b24647daac1b,No
JabRef/jabref,dbd9257947147591706c6e0ab6d04aee161bd4e7,No,597828b2ee9b2ff3a0c44d3953b8f5c4a83e54c0,No
JabRef/jabref,cc2ad9e3b74c05b2ae267882cf9967b93a5b7fa3,No,d190268813e7e65b09a744158fcfa65371f5a28d,No
JabRef/jabref,4e9f49f36565ffedd40206163b94fe51dfc7f67f,No,556b8b7959b6b275a71c65f032866a7315b304ac,No
JabRef/jabref,4d89b0a5511dd9c233c9856632ab48340327b2f2,No,eef429f38b4829a27d78151385e30f0fbf63e422,No
JabRef/jabref,c92346ca6052f1abc73104fee6c3c9c42ff983d5,No,0f4d396a1509f32e396acf7de69587919aab11cf,No
JabRef/jabref,b304feb100391cba8792a14cdbbb8267ca7824ef,No,-,-
JabRef/jabref,0ef029e3bc463e1b5189362ca85f767a8ac3b18e,No,18913f62ab5f1f6deb9fe972e7e9ad8e701fd938,No
JabRef/jabref,b9baa940a4c8fd21975c508dd618278dbfca37fb,No,e0669b5d8a5d62533de688b75e58cbb52cf327fd,No
JabRef/jabref,94bc5c2c74adb7f034855bc4a362433bd2523294,No,8d7d772f610fda49addf6b28661ba675f181ad17,No
JabRef/jabref,ccea8d7e24e0ff9f758b4f80b3b681d2db604c1f,No,f82211d1860aadc90b0e69c4b29b04131381ca38,No
JabRef/jabref,7b93f26bbea63c3dcf97e34bc4a5c3a20716ed63,No,-,-
JabRef/jabref,d7764f16c0abc8c39ba1a5315ba9f9818cee953e,No,6f8446d61e5c538d20bb258a85fc7fa7db39cb05,No
JabRef/jabref,4fd60d27398dbb1e611b507b52ebaf9f1afb370c,No,6a4a4f4a588a3aee6041a3fe0141908dc3133148,No
JabRef/jabref,583c61fba671cb15c46d8d3284982793e4b0812d,No,0a55a82cb61d7aadcaea874f5184aba507d5b0d5,No
JabRef/jabref,e1c1c9a229d40902e60d703f6cd9a17cecc213ac,No,458ee7999699b3489684178605c3f8f55294fd63,No
JabRef/jabref,c68ba1e4a8d50080ca179418fa52dcf1702d93b5,No,0684f55925612c6f80c7636d682a57455f76df0b,No
JabRef/jabref,86d52cd6468335d9e460aaacc870aa5088c62431,No,7f4c36c03629498db8e56281906241a82846e1e3,No
JabRef/jabref,87a239de1016117610b13179e5e81d0b30e28d52,No,-,-
JabRef/jabref,38d7a30c4fe1a1a147eb60c378008c63127de14e,No,f9799d44dbec3aae6acee8b929ed7d69edbccba9,No
JabRef/jabref,504f7d8ce02efbcdefe851f0019c9862af5ac9ef,No,771db07ceb627f1517399fa2420b6abbf24942b4,No
JabRef/jabref,d320975443b3fe87801415084b9cadd4833473c0,No,-,-
JabRef/jabref,51b36c17d3083de290a92122d200c390e596ae4a,No,-,-
JabRef/jabref,3e359bade3714e8bdc3abc06ce9d196178b02a2d,No,a1883824126d829d9f50baed3b23836411ced0b4,No
JabRef/jabref,428ae436af374e9b5b168eafff3230603ce71fa1,No,00c50122491d3f5f2de090d9b65e7b308cba53c8,No
JabRef/jabref,6ebb56f07d145e4df573dc1b90ef8c473ca488f6,No,3e359bade3714e8bdc3abc06ce9d196178b02a2d,No
JabRef/jabref,b2f8bd36ce424cd446ec228bc943a10660c9135f,No,079c27b00713373de86a0a35161f0e0df108a52b,No
JabRef/jabref,4213a8d1e0a8832acb4c346fa0d16f5750b21986,No,7a9e5d723b78ebe542e5d8f78b856b8c1d1c6f36,No
JabRef/jabref,d6a0e59d96520b7cff46556bf3d44937343946df,No,-,-
JabRef/jabref,2b886cb719b0954127dc8d748b287adb3348958a,No,5b0b66423f48ae1395407f972dfb9d44d39abefb,No
JabRef/jabref,b06e4432a6de4a925385fe63eea8aa673c739cd1,No,0a6c0523782b9aed842a5161ca736476db33e817,No
JabRef/jabref,62e4ec4379b6abfa1b24972cdb06612e1d14174e,No,fb9f3ecf79a8a908129432100846679650b88a66,No
JabRef/jabref,2d2a0f63d5cd36209a48f993d7f9031c3aa107ff,No,f931ac0afde0b7b7508df9ae6d2cdd63c21be5fe,No
JabRef/jabref,9b8f17be477e366d50864f60a27055537bde0582,No,e16cbda7372d0974792eb0b9eed2bf8bdb192370,No
JabRef/jabref,ed1fef74c35ab183110a60c6abc3b3e8d5298288,No,1bb814ab3329aea8c586a576280b50d51971be1c,No
JabRef/jabref,88c9f56347449ad7678da0f33d20b00ba64fe474,No,690f837293fcb9a96913e8b080a4a0050f3c941f,No
JabRef/jabref,b033c6f931d9dee2d4fd069d5cbf71d3e482705e,No,bae698a58bd34db0ef5b146593e6d35d884143d4,No
JabRef/jabref,ebc1c374e6d385016542fbc41afd492b305b0878,No,e50566aa00e42cfc459d27eb3ac13934ce5535d8,No
JabRef/jabref,7fb59498a9060ee4d82912c3cfb502e8382d7be3,No,aa0e98fb4614ee6660add20a8da67a146c55c04e,No
JabRef/jabref,02f51f7b2e395d0cf8d6eb0455e1a1e871a25fd0,No,59e4d7dccab1060ed3d8922fea96e23b0ca76336,No
JabRef/jabref,b09973f86c4033304135ac422583371db18367fe,No,b411cfbb1c60af09052e17d1780f1cdb770bc4ef,No
JabRef/jabref,2cdf085ca094e640073774764551296ff03d1f8f,No,9ab29d596112d3a68fd33b80c5bbe559e5d903f9,No
JabRef/jabref,25b6858741fea4c8b84c7889d23061109aca5108,No,-,-
JabRef/jabref,aa41185115fb0e25446ff471f75cc7c33f2d3ce8,No,2b0eaae7f523a4698fad60a7b609904b54c380f5,No
JabRef/jabref,b52c972398438338e79285312275063472cbab75,No,-,-
JabRef/jabref,d1702bba3210dd85d785a02171670c7ddd30f69c,No,-,-
JabRef/jabref,703184297160337a189da313e978018cee8c7062,No,-,-
JabRef/jabref,124fadb698a373265494c5d6f3308163c46ab1f9,No,8591e09894abfddde84b0fedc515bce4276e4f80,No
JabRef/jabref,2c1028418ec95709cafe5afe1f428eb104972615,No,3ed02ee3b60edf1f3f507e96e4e0655da1d0ced9,No
JabRef/jabref,b8f710dc7034f15ad2d97be2d0b66403a5381608,No,-,-
JabRef/jabref,72395033d47c4e83f0e6523057ef93e2bd93a2ed,No,-,-
JabRef/jabref,80e8abac28117bbb3eca0f3d6ab87a6f6923dc61,No,-,-
JabRef/jabref,8f46463f779e8cb3e8d5f9e296f7b6eb6ff6971d,No,-,-
JabRef/jabref,ed2ff310c0eb40dc3389ddeb9755439ce36f13c0,No,57110ef7bdd582184bca297dcb1315dffe00f52c,No
JabRef/jabref,075a228bf774eb87234ffffe2287bc317e456bde,No,705d4b1198056722d9abb48d1feeb88cd0121ded,No
JabRef/jabref,3d4b5104d19aa185280171a64f96c2c1ad27b5cb,No,-,-
JabRef/jabref,82e555d931ef42aa45273de6723b6887a7c17b06,No,9b0dd5dc979bd490ae34f6d790c466b47c84c920,No
JabRef/jabref,543c176200ec793d1272fc65fd763492ebd3105a,No,c609376cde654af48475f6c40322bfd9a51450eb,No
JabRef/jabref,59d9e35f786de875b068927acc425a7165ffe49f,No,-,-
JabRef/jabref,829ee6103f0b7e2472d3bea850a9a80efd9678ac,No,3d7f8f314add1a48312b225381b2b7b105b7367a,No
JabRef/jabref,fd82bef27f0a974dd8ac019ca1205fe989ffe840,No,5eae7e48772993a1a12ecd5a40bb04453d13656e,No
JabRef/jabref,6a7139566b555903daafa2913d10431a5f02d704,No,dd13184e76610c12f1482af7790e4b13378a4ccc,No
JabRef/jabref,b8d8f89b4017b371ee33593a98c12da575fb7260,No,a746c76680cb0224d08578402639a7d61741febd,No
JabRef/jabref,ab517f4ee0bf7d387026784ef81989b5df225297,No,2d36d988f5f9be3bdd3c3090ea362a174764e6df,No
JabRef/jabref,01f65eadaa45ff8b718805b3cfcbc60e3c04946a,No,94bc5c2c74adb7f034855bc4a362433bd2523294,No
JabRef/jabref,da2846c84c090c25efd74e6cb0ac3c3a145153e1,No,8c6e15a02fd746d67042f950c3df37396b6dabfb,No
JabRef/jabref,a1b6d3808d2994241ee6e06491ff2f714ae19c74,No,7317c2eecd1e1dec3536da59b65af00e409cca3c,No
JabRef/jabref,ed27adab2334e74d55aa1923aec621283ed4c1cd,No,573328c7bd12c93dd37109852e3ac3732f1d7598,No
JabRef/jabref,13a80baa6ac1af3269dac996ef76942903d40f92,No,74408c054082dd0d4da2f20a8231f9a05c25c2bb,No
JabRef/jabref,8a436940004887a5e232c903e18139a97c42c461,No,961ce3032ca8383c5a0b3d0975a15c439b38c16c,No
JabRef/jabref,b856dd4b690501476a06e9b2a058b2f82f7051ef,No,c1f2606b0d87a362f0ca3cfbb5f4f26317bd2318,No
JabRef/jabref,6701a9e7cce8e0d2f9b5d1cf6d8f1ae34a2deedc,No,b385fee1bd1e38134f3ddf6e3083f44451df96ea,No
JabRef/jabref,f63999e8397c4b682af2b64e817687f18dc50615,No,65874f56686975edf7cb3723024ce9a87cbbd754,No
JabRef/jabref,2948e6d78c7e1e7a16348e2fdb993a0b65a9dde0,No,b2c40612a2c60685555f35af71f5801391a58b4b,No
JabRef/jabref,4a6f1915595e0bb5f5a0af558f434a10c618f6eb,No,e988335e84f3c830d33f0b8c5affbbc5d0f56142,No
JabRef/jabref,73fb95f987df4f9cec72e625e0511534411d4636,No,-,-
JabRef/jabref,ac0bae51c7fa2212b8d0a4672d9a89f20c7e6c7a,No,-,-
JabRef/jabref,bb7b7213d7e0339491c066eb457c27b70fad0b16,No,10d9642a1f4c96047a876e986b4f2a59a81df763,No
JabRef/jabref,c06966d9c16eb9302893b36c6d3a74c036f1260b,No,-,-
JabRef/jabref,31e6797d8a1d0827180b0b54ea4a8b5fef936a59,No,d972f454851c329f2fd303ad35c19de92d3f337d,No
JabRef/jabref,10a2760c8921a83ee318974748b6265b9790d898,No,3a44c6957f6c66427645c7891dee6be92067cdb9,No
JabRef/jabref,66424d232940bfc759c5220a945f5286bf4ebc66,No,-,-
JabRef/jabref,56577b5c58bcf10e3617e438cbadae5f99655be0,No,9337e69010f393278d848c2f3d87d3c0bc5427da,No
JabRef/jabref,23d757399e6a3fd94be6e2f66b504c9ea5c983f4,No,-,-
JabRef/jabref,09ceea00ae53cc9c362fffbd6b917ab61c7cc538,No,0776ac25d22297376932a758f4894be0f2aa3965,No
JabRef/jabref,1d7a2533833252da88274f9690cbce19b3e855b9,No,d2ddf938092bfd226f73cb63a61494a1d2dccec6,No
JabRef/jabref,6884f52664761a0fa7147db0baa98703e4ea1327,No,0f9a9e9bfa39cc372d1ba746022c53f35c7ad822,No
JabRef/jabref,cb8fb55dcabf27319ae2c03d64ec108e85b78e39,No,251feac8ff71a4238d6bcab79926a9137bca3fa4,No
JabRef/jabref,99281793c5a01a5407c02ad85b5e3e99f784ee6d,No,56b9a67eb569897bd4c7d7a26e7cde8b70d94639,No
JabRef/jabref,c0153bd501754d220e34f45ca689851f8ffd5fbd,No,86e2c82cbe0eb8ca18f1b80f7b85b375cc316ad7,No
JabRef/jabref,6c50dcfcc6585cf20953beee2c9050bc511614bd,No,c609376cde654af48475f6c40322bfd9a51450eb,No
JabRef/jabref,42ea6bc9ca95caa17cbafe4cb057b5f9cce82413,No,6bb21d4291374b937ae134b66b567a1eec0c66a1,No
JabRef/jabref,fb0990d5ad7907b6e13a64584bd995db9e3d7df2,No,-,-
JabRef/jabref,ccea8d7e24e0ff9f758b4f80b3b681d2db604c1f,No,f82211d1860aadc90b0e69c4b29b04131381ca38,No
JabRef/jabref,50da30646512b83432bd701ced3b5833b53b0ca2,No,-,-
JabRef/jabref,a2aa2c638c910c3eadb45ed69388acb121b3dae7,No,6c19393f40469e20de3e43355691ee643202e536,No
JabRef/jabref,18913f62ab5f1f6deb9fe972e7e9ad8e701fd938,No,42fb85cd43fa65b1cb59f09e932e7a35cb527b8b,No
JabRef/jabref,1be95fcb1687b0d102dbd40d083e9306646ceea7,No,497fcd787f9bca1dd281787220a9d849eb67d98f,No
JabRef/jabref,29f5cae6bc26b6622a9306ac908bd7157a53c3dd,No,f094346dc43e8ca1fca7366afc31e69b991a289d,No
JabRef/jabref,c98d078820852819488fdc773573cb1b1cc51e8d,No,41a3d081e2e4d9b4f48477f5dcb74018d56a420f,No
JabRef/jabref,df2a178dd5cc6eb925fa89fbffa94d1a56126b7c,No,548e031dd9b51c4d91eb8810bd0d67ac3fae9ca7,No
JabRef/jabref,1d7a2533833252da88274f9690cbce19b3e855b9,No,d2ddf938092bfd226f73cb63a61494a1d2dccec6,No
JabRef/jabref,1b35f8cb0040fdfb515974e78532598f07e11af2,No,5d6c2ee1d47968745b75de9a44ec01880d0708bf,No
JabRef/jabref,5b98dce0f57781a6e58347bcfddfc8c62047cfa2,No,1cc550b6134527620aa3a2c1ab6fe820419db1a6,No
JabRef/jabref,7597821ddf6e5da71c196575ceb0e9a3749733dc,No,-,-
JabRef/jabref,47fd56298537607e6a6647b52b6d990751dab04e,No,3f21c0387faa792705ef8956c0aab574addcf82f,No
JabRef/jabref,8329b82dfeaadf43fcf36240eb48f22b3893e4f1,No,67583d9be2926223d069ccf39fdb41111ae67c2d,No
JabRef/jabref,9c7b4ca88cd76c7d191c245b217458247b577110,No,a6e29ff75476cc42c44bdca7c1e68b4693afd290,No
JabRef/jabref,8280d16743e182c5848f8d27085cecf617608128,No,6529be093f09b01bf6b28b48c243f4d85da3f51b,No
JabRef/jabref,5a3418426369c17c524f4ae14f1e469e93618770,No,-,-
JabRef/jabref,c9874ec9fcdf2005edb636d1d30d92a667bb1f13,No,3d4b5104d19aa185280171a64f96c2c1ad27b5cb,No
JabRef/jabref,2d179422ee7c55b01a02218e50d131d025ad62aa,No,-,-
JabRef/jabref,194d792d90b2ee3781742186401c4a7fe1e83794,No,0b45ab51cf440754464be00fd34053911415e619,No
JabRef/jabref,8e7b1f952ea08f2719f48f8eea7b2a1129865845,No,2e5dd7eaa8b1351ca373d9f3a65aa216726fdf48,No
JabRef/jabref,56aa7167161b257189205afa031c83e56d6b5ace,No,3df034c8a1f3af6c2b50fd49332f1808285811cc,No
JabRef/jabref,6a37f2f19401b42ef29a51e2ae3f0a9252f8b9a3,No,a7639aa39f6ce9a0e0069285c6d433414b683511,No
JabRef/jabref,90424b395556f67ac32b835bc80268a27a69ce33,No,7219e3609adfd1c9a7817835c64eeee452765b85,No
JabRef/jabref,59b6c2c6b81d4079c9c48b47df95125bfd7a27e3,No,e59f6b5f6e456f25ebe4cf387c03f8b33cba999a,No
JabRef/jabref,1168e7fbbfe43fd31520b99c718065fcfa2b3d2d,No,df1a6fa07fbd557685349c349c4916d4116df9bf,No
JabRef/jabref,42ea6bc9ca95caa17cbafe4cb057b5f9cce82413,No,6bb21d4291374b937ae134b66b567a1eec0c66a1,No
JabRef/jabref,5544007677b3b491825d6db5a7c462062185fc0c,No,895e879d11ef66b63b72b1e0481ecb4029fbf3b0,No
JabRef/jabref,189fbd0172ab57debbffd0128c525224f9601234,No,-,-
JabRef/jabref,ca16e86dd8bb16b7051bd1f0b8ff615acdf36524,No,3de6c7b7769587d972ff45be75656c079a4eafc1,No
JabRef/jabref,6ae86ae084340107857b65f72e7641cc068e3f6b,No,0b27086b5b8548e324d35289a512eb2080ff0148,No
JabRef/jabref,110052655e8cdc38bc3d7ce4a29114baa729aa68,No,b938f180b9253a1c6cd06a959c2318ed9b5f266a,No
JabRef/jabref,a768f6e3b9ba40499afeff042263f104ed06ce4d,No,129c36e24bbd3332832728124ebf27d2462a0300,No
JabRef/jabref,0187e9a125c1f3df0292bbe33882f4f3b744bb8e,No,908587433d6b229fbe27ceaf1997fdb301a6dd1a,No
JabRef/jabref,10042fd25eed8872adb0b28fe68d8efdf1786072,No,-,-
JabRef/jabref,424cde8ce18ec2501ddbd68988946c8253a1d494,No,06943e2b2bc4cf84b2b344fc1e24e2d4091ee743,No
JabRef/jabref,a219ee2d6b2f94229149654d1b49921dd6bd73a5,No,3630fd4544c86475f04449a3072b72bdf23e7ca2,No
JabRef/jabref,61eddaaa0ab3eca3dab0f8b6fb6efd454414ee4a,No,403d9f7a6eda0c5ad262962e818e89b8afa1bcf4,No
JabRef/jabref,1c7da01f3b4f55368ff5245723205576a54ea221,No,-,-
JabRef/jabref,5149ee1edefe648ee0bc07592ea85b0ffe884dc5,No,-,-
JabRef/jabref,1cdd807ae91d2b3678d3808bb7ae6064dbaf84c5,No,-,-
JabRef/jabref,2c2e864eda83f7c2b06811dd97804c4c31672e4e,No,df749ca856553accb003805a09d61d6f2db5878a,No
JabRef/jabref,1c782b7a2485bece4be0836ac7c1e38fbd1e96d0,No,a93ed9b757c287629ff809b8d49ee0863e4073d4,No
JabRef/jabref,7d66c25c92e63ffe643cf3799e0558a04bb8c315,No,86d03935c29e93e804e87f3d220de86e922391ea,No
JabRef/jabref,e534688f8a162328f66a1626aed4421ed5124fda,No,4f6500ec7a581e35c9386f22ec1b467ab4689191,No
JabRef/jabref,c0d8b0f9b45f779498b9a1c88229406617fb81c6,No,e0460ddf9485888aad9c882769eace2d8a74b192,No
JabRef/jabref,7d4b2ae0f8b806a5a5de091380b1e1e2a356015a,No,b3c6f0a54a083351331bbbb41455989f77412c0d,No
JabRef/jabref,64f49b03f84277eeeb85373863e0e15d7da1a437,No,0e5c46359db26a75b09cfd6abb3f9ec9798d98d5,No
JabRef/jabref,8bbc40e13e016f7a28486179855be9a7c28b2adc,No,921621dfb43b17122022a7eb6cd61c080380d875,No
JabRef/jabref,2c7ea6027c86ebe6bd2d8016327e975989e1a73e,No,41aa7e75869f996a3361dd6229823af8e165ae3c,No
JabRef/jabref,0c96007c0a7e7cb317fb6296e180bfe3caa46c9f,No,b6745d85bd066077fc1b9ba5f68bb9ce67eb3520,No
JabRef/jabref,257ba21487c6fb7a68798ca45357ede4e87aee20,No,29189e7cdbae991ad80eb573dbd22f6bc626a722,No
JabRef/jabref,f88fc31ecf5006a3b44e8c640da4ba821f52dd90,No,-,-
JabRef/jabref,9cc4e656169b6a48fd029e8ce3a4d086034778ae,No,-,-
JabRef/jabref,c711a7fdf5d2f1eb1204014fe8f1a13a62ee7360,No,-,-
JabRef/jabref,832417ff507ed5d34a0d73c3ae8be92047571226,No,-,-
JabRef/jabref,5aa896a0bca4f9a77ab6b93d7bfccf28b4fbf9f5,No,1168e7fbbfe43fd31520b99c718065fcfa2b3d2d,No
JabRef/jabref,f9799d44dbec3aae6acee8b929ed7d69edbccba9,No,cc3f7f0fd218e8e936ae4a77a5d1bb3c7b38e3f2,No
JabRef/jabref,e9e1d3fc29bbdd4f02cf5fbc764921975c2d9431,No,-,-
JabRef/jabref,0768e1bc4c17e424185bbe2c3a54d4df714f780c,No,87c3676453639171c53f1107ebe50b024c66fb27,No
JabRef/jabref,8bd1845a7a2c31ff0444e3485f716e19c28cbb7e,No,5f2ffb234d262422138b32efcab0f2adebf58d8b,No
JabRef/jabref,11d90a17bda0f4df97403fbe4c0ac2241d47c17c,No,d6a0e59d96520b7cff46556bf3d44937343946df,No
JabRef/jabref,7a81b62fc081926c260583f3ffe9f1755417e114,No,d5426512dedb3af3548a23d620d4d2e7471c2daa,No
JabRef/jabref,79f0221249c7f2fac9a7cf20313115c2965211eb,No,2f656eb3caaeb34abc0a451f7e6a6b0820996502,No
JabRef/jabref,e970954236ffec84a6f0ea5a5d7cb537279d7d92,No,3a44c6957f6c66427645c7891dee6be92067cdb9,No
JabRef/jabref,7fc736172af271c68f30bf863fea31af9ca31438,No,b25b7af897fe63c56fb35cc5b70dbe9438d8f182,No
JabRef/jabref,a73bb070197d59f4b20fe861ae1a2df7463c342e,No,01c267ba328612d7b6a624b30be98b6b42f28d9c,No
JabRef/jabref,87e824237585e3a33a58c356607cc8a56ffeac54,No,4423d27999393da42a12b68d4a45009272599b7f,No
JabRef/jabref,220ae722cb8399a271d1b39aee3372a4e21dd806,No,-,-
JabRef/jabref,93c6f97dc4d17bcd2ab7c4990497fba72af46ead,No,-,-
JabRef/jabref,0ed45690fee576387f3c0999ca9a0fc55e1a35b3,No,7a8adac4efea6176215ac0fc9457ea66e7066685,No
JabRef/jabref,bbee8cea603716c661cb336f1cc77b95b9ea2041,No,632fbf6243c602761e246315505f894b644c7d6e,No
JabRef/jabref,690ce4b20c76886fd2bfc0bb5ee4386f6b3bac50,No,5f7aa46dd794877996951f169071b241bf90b928,No
JabRef/jabref,c08c5d454e8ee08742bf7fdfc12431b72d572c10,No,8b50ce9cf46c159a74307b6d6dfd160cc2018d46,No
JabRef/jabref,8deb0623f02508e3716da35ed6818fff047e802f,No,-,-
JabRef/jabref,1d7a2533833252da88274f9690cbce19b3e855b9,No,d2ddf938092bfd226f73cb63a61494a1d2dccec6,No
JabRef/jabref,7a443418afc89cb9b65eed136da7964c07bd5b6e,No,a3beda925b3c5b1592f3ae5a40f8e1c231b0f60a,No
JabRef/jabref,81399f0542d3757db01e470ce66632f34fe1f471,No,2a979fde87f4f443444442e6e4f6b0d35d0af684,No
JabRef/jabref,9205a024e04955abb43e28ef29b62e438e9caf06,No,-,-
JabRef/jabref,bdfd8c88477004d3637770f97c0277a2c8187835,No,fd6dec8313940590fb60b11832e0aeebd7b97a3b,No
JabRef/jabref,81e6e8ed6d0722a5d685fd52bb0bdd617f811c74,No,-,-
JabRef/jabref,129abaafdd1f9ff75339f9252fceff2e1952bc0d,No,9e2c010ba6ad1c55b3bdfb0610ead8aadeb43142,No
JabRef/jabref,bf12dff243f53f989d20f1926bbd3b9c3ba14092,No,-,-
JabRef/jabref,cc3f7f0fd218e8e936ae4a77a5d1bb3c7b38e3f2,No,-,-
JabRef/jabref,9fe76174fcb41ab62dab984ff42e1790d11f44c9,No,a0284e1c61cb465bdd9069e17c61f181028a0bba,No
JabRef/jabref,e80f450ee21f62937fa9c278ce7ef2fd3e1f30d9,No,766e555c05baa2675ccebd5173c5a7ec2585c6c6,No
JabRef/jabref,d1e8e296a94c7a67d8206353fc3b2e12a2790486,No,-,-
JabRef/jabref,6ae86ae084340107857b65f72e7641cc068e3f6b,No,0b27086b5b8548e324d35289a512eb2080ff0148,No
JabRef/jabref,f408d9012caf27d54fe1f077d7cfdd0a47f4241b,No,ffdb88d83d72cf102ef3d4d832800ec326cd88db,No
JabRef/jabref,2d5908a7ae171e00deb6e930cc6270d9f5a8c3b0,No,-,-
JabRef/jabref,a255311924fbfc529205ad507bb31021cc687f72,No,-,-
JabRef/jabref,5d41370bd5b52678f20696ed1f1323ef34f22186,No,-,-
JabRef/jabref,8925c1f88aed92cbd4df8aceadbbe0aba89e1bf8,No,-,-
JabRef/jabref,c51ecbee9bf05802169784b99d19c624aac28d5b,No,e944c7aab1df6e6ac5cc081808fe92449a39cd48,No
JabRef/jabref,c75506f6f404d759d757837ac2b2ae2e57f40a23,No,b6d8f826b71b6489b636b01e3da8c26833ccb117,No
JabRef/jabref,a754df4387a5b6b259171ccea1c9a6cba3bf5eaf,No,-,-
JabRef/jabref,c8798efebad5071b7ee437bdeadf3fc91d392a71,No,-,-
JabRef/jabref,cdb2de623999397c9909aded4deb88a9f3c46239,No,-,-
JabRef/jabref,eecd082fdf413d4c4fb44df13eaec574cad79fcd,No,0e5c46359db26a75b09cfd6abb3f9ec9798d98d5,No
JabRef/jabref,fe07fcd3c9db6cad07d77e8281380ff150138be1,No,3351466a3e6380fe2aa394e2c0a645cc5162b3b1,No
JabRef/jabref,8a9aca1ac5a2c0c072f80264e3226742d357c19d,No,-,-
JabRef/jabref,7242baaf8d8800d00b3c1c196849c48ad27cb6c3,No,82e555d931ef42aa45273de6723b6887a7c17b06,No
JabRef/jabref,8afe793947a5f5c8f4c49614d1757236ab9c3ab9,No,bc5c4fcb6539851616eac13825a36351e9888797,No
JabRef/jabref,f856aa707334a864a940f14bcf959802d91265fd,No,-,-
JabRef/jabref,1143e8d35ec83a9d9024a5ae4e0b4ec87c0eea18,No,fc55e6973cc929b39a78bf47972224fcd77a566b,No
JabRef/jabref,1d7a2533833252da88274f9690cbce19b3e855b9,No,d2ddf938092bfd226f73cb63a61494a1d2dccec6,No
JabRef/jabref,1f14795b20eea9be44a0614afe5b8a2bd86a7c0e,No,618f6d29c4f3d79b0e73931b9e499666c75f458e,No
JabRef/jabref,7ec4c7e89524e406de1277c1cf58513bf8c1dc1c,No,8fa6af04335a27dee0ed1e754c88d8cefcce1dab,No
JabRef/jabref,7775e053acde896e4020dc0f6f12736e505ef73c,No,-,-
JabRef/jabref,9418cd533b115e8ffc6155d4eb7630c02aa695c9,No,8aef7ae90d4cc0bceadad5ebbb8a68cd5e5e822e,No
JabRef/jabref,6ae86ae084340107857b65f72e7641cc068e3f6b,No,0b27086b5b8548e324d35289a512eb2080ff0148,No
JabRef/jabref,a6b25c51e757b27b31bdcfe8ed571ec16f36069d,No,a1b838aa392e72b3854831c7bf71646b7d411fbb,No
JabRef/jabref,e7fc94cedd57c403cd0e50bdbea80406802bfbd0,No,-,-
JabRef/jabref,f6651cfc5f88544d2cc9a17bb83de3634ecfebe7,No,04afe50e185df0c69e25f112376556321a887bab,No
JabRef/jabref,647b382f4c1f36da3f23a82f780500b9d7d2ec9f,No,c9566c2a92d460c05282544cf12c9908163a2b93,No
JabRef/jabref,a902524861dc7975ec98b62a2dffcd818192380b,No,ce99912aaac102446f2115c81b5f04ac844f2f21,No
JabRef/jabref,1d7a2533833252da88274f9690cbce19b3e855b9,No,d2ddf938092bfd226f73cb63a61494a1d2dccec6,No
JabRef/jabref,eaabae59ce3858290b7787d8fbdf06a8e8f14506,No,246ce028e6fc5a6a45086a7d4e51ac9c08f0247c,No
JabRef/jabref,8bd859de823b0ff372c940299f86c428166ebdb7,No,298a83271af5fed122e793898c3abce4043ab8d9,No
JabRef/jabref,92161afe61ae2513fb9bafb3816bde979172b0b5,No,-,-
JabRef/jabref,90276f357e40be312283223832d48388eb44b5a7,No,3a899d84311abd98c6cd0579ff2d7b9bc90ebec1,No
JabRef/jabref,e5e96b2c23bcd561f5b6afb6c3678c4fcdaca722,No,-,-
JabRef/jabref,513d3aa09590e2dd0fd192d361a20bb2521c3e4f,No,25b6858741fea4c8b84c7889d23061109aca5108,No
JabRef/jabref,2d5908a7ae171e00deb6e930cc6270d9f5a8c3b0,No,-,-
